Date,MedicineName,Temperature,Timestamp,OptimalMin,OptimalMax,PotencyLoss
2026-08-19,HepatitisB,14.67,22:41:16,2,8,0.0
2026-08-19,HepatitisB,2.99,22:41:46,2,8,0.0
2026-08-19,HepatitisB,10.65,22:42:16,2,8,0.02
2026-08-19,HepatitisB,4.85,22:42:46,2,8,0.0
2026-08-19,HepatitisB,4.91,22:43:16,2,8,0.0
2026-08-19,HepatitisB,16.85,22:43:46,2,8,0.05
2026-08-19,HepatitisB,5.46,22:44:16,2,8,0.0
2026-08-19,HepatitisB,3.9,22:44:46,2,8,0.0
2026-08-19,HepatitisB,5.3,22:45:16,2,8,0.0
2026-08-19,HepatitisB,5.9,22:45:46,2,8,0.0
2026-08-19,HepatitisB,3.22,22:46:16,2,8,0.0
2026-08-19,HepatitisB,2.84,22:46:46,2,8,0.0
2026-08-19,HepatitisB,7.46,22:47:16,2,8,0.0
2026-08-19,HepatitisB,6.68,22:47:46,2,8,0.0
2026-08-19,HepatitisB,2.81,22:48:16,2,8,0.0
2026-08-19,HepatitisB,3.67,22:48:46,2,8,0.0
2026-08-19,HepatitisB,2.17,22:49:16,2,8,0.0
2026-08-19,HepatitisB,15.46,22:49:46,2,8,0.18
2026-08-19,HepatitisB,2.95,22:50:16,2,8,0.0
2026-08-19,HepatitisB,13.81,22:50:46,2,8,0.21
2026-08-19,HepatitisB,16.55,22:51:16,2,8,0.22
2026-08-19,HepatitisB,10.97,22:51:46,2,8,0.23
2026-08-19,HepatitisB,3.81,22:52:16,2,8,0.0
2026-08-19,HepatitisB,7.16,22:52:46,2,8,0.0
2026-08-19,HepatitisB,11.16,22:53:16,2,8,0.26
2026-08-19,HepatitisB,7.33,22:53:46,2,8,0.0
2026-08-19,HepatitisB,3.24,22:54:16,2,8,0.0
2026-08-19,HepatitisB,4.48,22:54:46,2,8,0.0
2026-08-19,HepatitisB,3.23,22:55:16,2,8,0.0
2026-08-19,HepatitisB,2.34,22:55:46,2,8,0.0
2026-08-19,HepatitisB,14.86,22:56:16,2,8,0.33
2026-08-19,HepatitisB,13.81,22:56:46,2,8,0.34
2026-08-19,HepatitisB,3.0,22:57:16,2,8,0.0
2026-08-19,HepatitisB,4.49,22:57:46,2,8,0.0
2026-08-19,HepatitisB,7.73,22:58:16,2,8,0.0
2026-08-19,HepatitisB,14.76,22:58:46,2,8,0.38
2026-08-19,HepatitisB,6.8,22:59:16,2,8,0.0
2026-08-19,HepatitisB,3.43,22:59:46,2,8,0.0
2026-08-19,HepatitisB,5.46,23:00:16,2,8,0.0
2026-08-19,HepatitisB,4.23,23:00:46,2,8,0.0
2026-08-19,HepatitisB,17.55,23:01:16,2,8,0.43
2026-08-19,HepatitisB,3.9,23:01:46,2,8,0.0
2026-08-19,HepatitisB,5.33,23:02:16,2,8,0.0
2026-08-19,HepatitisB,13.6,23:02:46,2,8,0.47
2026-08-19,HepatitisB,9.22,23:03:16,2,8,0.48
2026-08-19,HepatitisB,10.6,23:03:46,2,8,0.49
2026-08-19,HepatitisB,4.65,23:04:16,2,8,0.0
2026-08-19,HepatitisB,16.05,23:04:46,2,8,0.51
2026-08-19,HepatitisB,6.47,23:05:16,2,8,0.0
2026-08-19,HepatitisB,3.05,23:05:46,2,8,0.0
2026-08-19,HepatitisB,5.96,23:06:16,2,8,0.0
2026-08-19,HepatitisB,15.44,23:06:46,2,8,0.55
2026-08-19,HepatitisB,15.56,23:07:16,2,8,0.56
2026-08-19,HepatitisB,6.53,23:07:46,2,8,0.0
2026-08-19,HepatitisB,16.42,23:08:16,2,8,0.59
2026-08-19,HepatitisB,6.82,23:08:46,2,8,0.0
2026-08-19,HepatitisB,6.06,23:09:16,2,8,0.0
2026-08-19,HepatitisB,5.27,23:09:46,2,8,0.0
2026-08-19,HepatitisB,3.44,23:10:16,2,8,0.0
2026-08-19,HepatitisB,4.0,23:10:46,2,8,0.0
2026-08-19,HepatitisB,5.14,23:11:16,2,8,0.0
2026-08-19,HepatitisB,5.57,23:11:46,2,8,0.0
2026-08-19,HepatitisB,7.8,23:12:16,2,8,0.0
2026-08-19,HepatitisB,7.54,23:12:46,2,8,0.0
2026-08-19,HepatitisB,5.83,23:13:16,2,8,0.0
2026-08-19,HepatitisB,15.76,23:13:46,2,8,0.7
2026-08-19,HepatitisB,13.9,23:14:16,2,8,0.72
2026-08-19,HepatitisB,14.09,23:14:46,2,8,0.73
2026-08-19,HepatitisB,13.05,23:15:16,2,8,0.74
2026-08-19,HepatitisB,4.6,23:15:46,2,8,0.0
2026-08-19,HepatitisB,6.71,23:16:16,2,8,0.0
2026-08-19,HepatitisB,9.45,23:16:46,2,8,0.77
2026-08-19,HepatitisB,2.45,23:17:16,2,8,0.0
2026-08-19,HepatitisB,2.31,23:17:46,2,8,0.0
2026-08-19,HepatitisB,5.0,23:18:16,2,8,0.0
2026-08-19,HepatitisB,7.54,23:18:46,2,8,0.0
2026-08-19,HepatitisB,5.4,23:19:16,2,8,0.0
2026-08-19,HepatitisB,5.59,23:19:46,2,8,0.0
2026-08-19,HepatitisB,12.55,23:20:16,2,8,0.85
2026-08-19,HepatitisB,16.57,23:20:46,2,8,0.86
2026-08-19,HepatitisB,7.58,23:21:16,2,8,0.0
2026-08-19,HepatitisB,2.69,23:21:46,2,8,0.0
2026-08-19,HepatitisB,2.44,23:22:16,2,8,0.0
2026-08-19,HepatitisB,6.49,23:22:46,2,8,0.0
2026-08-19,HepatitisB,12.09,23:23:16,2,8,0.91
2026-08-19,HepatitisB,7.05,23:23:46,2,8,0.0
2026-08-19,HepatitisB,17.07,23:24:16,2,8,0.93
2026-08-19,HepatitisB,7.04,23:24:46,2,8,0.0
2026-08-19,HepatitisB,16.96,23:25:16,2,8,0.95
2026-08-19,HepatitisB,7.68,23:25:46,2,8,0.0
2026-08-19,HepatitisB,7.67,23:26:16,2,8,0.0
2026-08-19,HepatitisB,5.67,23:26:46,2,8,0.0
2026-08-19,HepatitisB,6.92,23:27:16,2,8,0.0
2026-08-19,HepatitisB,4.66,23:27:46,2,8,0.0
2026-08-19,HepatitisB,6.99,23:28:16,2,8,0.0
2026-08-19,HepatitisB,7.08,23:28:46,2,8,0.0
2026-08-19,HepatitisB,12.74,23:29:16,2,8,1.04
2026-08-19,HepatitisB,9.87,23:29:46,2,8,1.05
2026-08-19,HepatitisB,6.45,23:30:16,2,8,0.0
2026-08-19,HepatitisB,4.33,23:30:46,2,8,0.0
2026-08-19,HepatitisB,10.64,23:31:16,2,8,1.08
2026-08-19,HepatitisB,15.3,23:31:46,2,8,1.09
2026-08-19,HepatitisB,6.51,23:32:16,2,8,0.0
2026-08-19,HepatitisB,2.2,23:32:46,2,8,0.0
2026-08-19,HepatitisB,5.16,23:33:16,2,8,0.0
2026-08-19,HepatitisB,7.0,23:33:46,2,8,0.0
2026-08-19,HepatitisB,16.53,23:34:16,2,8,1.15
2026-08-19,HepatitisB,6.54,23:34:46,2,8,0.0
2026-08-19,HepatitisB,3.85,23:35:16,2,8,0.0
2026-08-19,HepatitisB,4.39,23:35:46,2,8,0.0
2026-08-19,HepatitisB,2.2,23:36:16,2,8,0.0
2026-08-19,HepatitisB,2.47,23:36:46,2,8,0.0
2026-08-19,HepatitisB,5.47,23:37:16,2,8,0.0
2026-08-19,HepatitisB,2.7,23:37:46,2,8,0.0
2026-08-19,HepatitisB,5.5,23:38:16,2,8,0.0
2026-08-19,HepatitisB,10.22,23:38:46,2,8,1.25
2026-08-19,HepatitisB,5.31,23:39:16,2,8,0.0
2026-08-19,HepatitisB,6.47,23:39:46,2,8,0.0
2026-08-19,HepatitisB,7.45,23:40:16,2,8,0.0
2026-08-19,HepatitisB,3.45,23:40:46,2,8,0.0
2026-08-19,HepatitisB,3.84,23:41:16,2,8,0.0
2026-08-19,HepatitisB,17.55,23:41:46,2,8,1.31
2026-08-19,HepatitisB,4.56,23:42:16,2,8,0.0
2026-08-19,HepatitisB,7.06,23:42:46,2,8,0.0
2026-08-19,HepatitisB,5.82,23:43:16,2,8,0.0
2026-08-19,HepatitisB,17.55,23:43:46,2,8,1.35
2026-08-19,HepatitisB,4.28,23:44:16,2,8,0.0
2026-08-19,HepatitisB,4.65,23:44:46,2,8,0.0
2026-08-19,HepatitisB,9.28,23:45:16,2,8,1.39
2026-08-19,HepatitisB,5.94,23:45:46,2,8,0.0
2026-08-19,HepatitisB,6.24,23:46:16,2,8,0.0
2026-08-19,HepatitisB,7.5,23:46:46,2,8,0.0
2026-08-19,HepatitisB,7.06,23:47:16,2,8,0.0
2026-08-19,HepatitisB,4.23,23:47:46,2,8,0.0
2026-08-19,HepatitisB,10.74,23:48:16,2,8,1.45
2026-08-19,HepatitisB,6.92,23:48:46,2,8,0.0
2026-08-19,HepatitisB,7.08,23:49:16,2,8,0.0
2026-08-19,HepatitisB,11.62,23:49:46,2,8,1.48
2026-08-19,HepatitisB,6.15,23:50:16,2,8,0.0
2026-08-19,HepatitisB,2.18,23:50:46,2,8,0.0
2026-08-19,HepatitisB,3.51,23:51:16,2,8,0.0
2026-08-19,HepatitisB,2.33,23:51:46,2,8,0.0
2026-08-19,HepatitisB,7.02,23:52:16,2,8,0.0
2026-08-19,HepatitisB,11.3,23:52:46,2,8,1.55
2026-08-19,HepatitisB,6.08,23:53:16,2,8,0.0
2026-08-19,HepatitisB,7.39,23:53:46,2,8,0.0
2026-08-19,HepatitisB,7.01,23:54:16,2,8,0.0
2026-08-19,HepatitisB,7.45,23:54:46,2,8,0.0
2026-08-19,HepatitisB,2.49,23:55:16,2,8,0.0
2026-08-19,HepatitisB,6.63,23:55:46,2,8,0.0
2026-08-19,HepatitisB,6.98,23:56:16,2,8,0.0
2026-08-19,HepatitisB,15.65,23:56:46,2,8,1.64
2026-08-19,HepatitisB,9.16,23:57:16,2,8,1.65
2026-08-19,HepatitisB,2.78,23:57:46,2,8,0.0
2026-08-19,HepatitisB,3.65,23:58:16,2,8,0.0
2026-08-19,HepatitisB,5.4,23:58:46,2,8,0.0
2026-08-19,HepatitisB,2.88,23:59:16,2,8,0.0
2026-08-19,HepatitisB,6.18,23:59:46,2,8,0.0
2026-08-19,HepatitisB,4.65,00:00:16,2,8,0.0
2026-08-19,HepatitisB,3.29,00:00:46,2,8,0.0
2026-08-19,HepatitisB,5.7,00:01:16,2,8,0.0
2026-08-19,HepatitisB,2.07,00:01:46,2,8,0.0
2026-08-19,HepatitisB,13.77,00:02:16,2,8,1.76
2026-08-19,HepatitisB,4.26,00:02:46,2,8,0.0
2026-08-19,HepatitisB,15.43,00:03:16,2,8,1.78
2026-08-19,HepatitisB,7.22,00:03:46,2,8,0.0
2026-08-19,HepatitisB,4.78,00:04:16,2,8,0.0
2026-08-19,HepatitisB,4.05,00:04:46,2,8,0.0
2026-08-19,HepatitisB,5.4,00:05:16,2,8,0.0
2026-08-19,HepatitisB,2.39,00:05:46,2,8,0.0
2026-08-19,HepatitisB,10.62,00:06:16,2,8,1.84
2026-08-19,HepatitisB,11.88,00:06:46,2,8,1.85
2026-08-19,HepatitisB,2.59,00:07:16,2,8,0.0
2026-08-19,HepatitisB,4.4,00:07:46,2,8,0.0
2026-08-19,HepatitisB,4.07,00:08:16,2,8,0.0
2026-08-19,HepatitisB,4.1,00:08:46,2,8,0.0
2026-08-19,HepatitisB,5.21,00:09:16,2,8,0.0
2026-08-19,HepatitisB,3.68,00:09:46,2,8,0.0
2026-08-19,HepatitisB,3.98,00:10:16,2,8,0.0
2026-08-19,HepatitisB,13.56,00:10:46,2,8,1.94
2026-08-19,HepatitisB,6.5,00:11:16,2,8,0.0
2026-08-19,HepatitisB,7.31,00:11:46,2,8,0.0
2026-08-19,HepatitisB,4.18,00:12:16,2,8,0.0
2026-08-19,HepatitisB,7.17,00:12:46,2,8,0.0
2026-08-19,HepatitisB,4.61,00:13:16,2,8,0.0
2026-08-19,HepatitisB,4.9,00:13:46,2,8,0.0
2026-08-19,HepatitisB,6.19,00:14:16,2,8,0.0
2026-08-19,HepatitisB,10.03,00:14:46,2,8,2.03
2026-08-19,HepatitisB,15.73,00:15:16,2,8,2.04
2026-08-19,HepatitisB,5.41,00:15:46,2,8,0.0
2026-08-19,HepatitisB,5.32,00:16:16,2,8,0.0
2026-08-19,HepatitisB,4.12,00:16:46,2,8,0.0
2026-08-19,HepatitisB,7.92,00:17:16,2,8,0.0
2026-08-19,HepatitisB,17.23,00:17:46,2,8,2.09
2026-08-19,HepatitisB,15.47,00:18:16,2,8,2.1
2026-08-19,HepatitisB,7.73,00:18:46,2,8,0.0
2026-08-19,HepatitisB,14.56,00:19:16,2,8,2.12
2026-08-19,HepatitisB,5.72,00:19:46,2,8,0.0
2026-08-19,HepatitisB,7.67,00:20:16,2,8,0.0
2026-08-19,HepatitisB,2.84,00:20:46,2,8,0.0
2026-08-19,HepatitisB,15.67,00:21:16,2,8,2.17
2026-08-19,HepatitisB,14.4,00:21:46,2,8,2.18
2026-08-19,HepatitisB,6.52,00:22:16,2,8,0.0
2026-08-19,HepatitisB,3.81,00:22:46,2,8,0.0
2026-08-19,HepatitisB,6.71,00:23:16,2,8,0.0
2026-08-19,HepatitisB,2.9,00:23:46,2,8,0.0
2026-08-19,HepatitisB,2.46,00:24:16,2,8,0.0
2026-08-19,HepatitisB,16.27,00:24:46,2,8,2.24
2026-08-19,HepatitisB,7.73,00:25:16,2,8,0.0
2026-08-19,HepatitisB,6.02,00:25:46,2,8,0.0
2026-08-19,HepatitisB,6.26,00:26:16,2,8,0.0
2026-08-19,HepatitisB,15.75,00:26:46,2,8,2.29
2026-08-19,HepatitisB,14.52,00:27:16,2,8,2.3
2026-08-19,HepatitisB,5.67,00:27:46,2,8,0.0
2026-08-19,HepatitisB,7.31,00:28:16,2,8,0.0
2026-08-19,HepatitisB,7.25,00:28:46,2,8,0.0
2026-08-19,HepatitisB,2.64,00:29:16,2,8,0.0
2026-08-19,HepatitisB,5.32,00:29:46,2,8,0.0
2026-08-19,HepatitisB,3.39,00:30:16,2,8,0.0
2026-08-19,HepatitisB,7.04,00:30:46,2,8,0.0
2026-08-19,HepatitisB,14.33,00:31:16,2,8,2.38
2026-08-19,HepatitisB,3.05,00:31:46,2,8,0.0
2026-08-19,HepatitisB,4.45,00:32:16,2,8,0.0
2026-08-19,HepatitisB,14.57,00:32:46,2,8,2.42
2026-08-19,HepatitisB,4.29,00:33:16,2,8,0.0
2026-08-19,HepatitisB,4.41,00:33:46,2,8,0.0
2026-08-19,HepatitisB,3.79,00:34:16,2,8,0.0
2026-08-19,HepatitisB,4.3,00:34:46,2,8,0.0
2026-08-19,HepatitisB,2.46,00:35:16,2,8,0.0
2026-08-19,HepatitisB,7.03,00:35:46,2,8,0.0
2026-08-19,HepatitisB,2.64,00:36:16,2,8,0.0
2026-08-19,HepatitisB,7.99,00:36:46,2,8,0.0
2026-08-19,HepatitisB,2.62,00:37:16,2,8,0.0
2026-08-19,HepatitisB,5.81,00:37:46,2,8,0.0
2026-08-19,HepatitisB,9.07,00:38:16,2,8,2.54
2026-08-19,HepatitisB,2.31,00:38:46,2,8,0.0
2026-08-19,HepatitisB,2.64,00:39:16,2,8,0.0
2026-08-19,HepatitisB,7.28,00:39:46,2,8,0.0
2026-08-19,HepatitisB,10.68,00:40:16,2,8,2.58
2026-08-19,HepatitisB,10.11,00:40:46,2,8,2.59
2026-08-19,HepatitisB,4.85,00:41:16,2,8,0.0
2026-08-19,HepatitisB,12.73,00:41:46,2,8,2.61
2026-08-19,HepatitisB,5.11,00:42:16,2,8,0.0
2026-08-19,HepatitisB,4.12,00:42:46,2,8,0.0
2026-08-19,HepatitisB,13.39,00:43:16,2,8,2.64
2026-08-19,HepatitisB,3.93,00:43:46,2,8,0.0
2026-08-19,HepatitisB,3.16,00:44:16,2,8,0.0
2026-08-19,HepatitisB,17.26,00:44:46,2,8,2.68
2026-08-19,HepatitisB,4.78,00:45:16,2,8,0.0
2026-08-19,HepatitisB,3.77,00:45:46,2,8,0.0
2026-08-19,HepatitisB,5.6,00:46:16,2,8,0.0
2026-08-19,HepatitisB,3.03,00:46:46,2,8,0.0
2026-08-19,HepatitisB,14.15,00:47:16,2,8,2.73
2026-08-19,HepatitisB,6.8,00:47:46,2,8,0.0
2026-08-19,HepatitisB,2.27,00:48:16,2,8,0.0
2026-08-19,HepatitisB,3.85,00:48:46,2,8,0.0
2026-08-19,HepatitisB,4.77,00:49:16,2,8,0.0
2026-08-19,HepatitisB,3.38,00:49:46,2,8,0.0
2026-08-19,HepatitisB,2.45,00:50:16,2,8,0.0
2026-08-19,HepatitisB,2.62,00:50:46,2,8,0.0
2026-08-19,HepatitisB,2.19,00:51:16,2,8,0.0
2026-08-19,HepatitisB,17.13,00:51:46,2,8,2.83
2026-08-19,HepatitisB,5.89,00:52:16,2,8,0.0
2026-08-19,HepatitisB,17.14,00:52:46,2,8,2.85
2026-08-19,HepatitisB,14.26,00:53:16,2,8,2.86
2026-08-19,HepatitisB,2.85,00:53:46,2,8,0.0
2026-08-19,HepatitisB,5.51,00:54:16,2,8,0.0
2026-08-19,HepatitisB,4.18,00:54:46,2,8,0.0
2026-08-19,HepatitisB,6.75,00:55:16,2,8,0.0
2026-08-19,HepatitisB,3.29,00:55:46,2,8,0.0
2026-08-19,HepatitisB,2.2,00:56:16,2,8,0.0
2026-08-19,HepatitisB,12.93,00:56:46,2,8,2.94
2026-08-19,HepatitisB,11.22,00:57:16,2,8,2.95
2026-08-19,HepatitisB,12.79,00:57:46,2,8,2.96
2026-08-19,HepatitisB,6.85,00:58:16,2,8,0.0
2026-08-19,HepatitisB,14.11,00:58:46,2,8,2.98
2026-08-19,HepatitisB,4.38,00:59:16,2,8,0.0
2026-08-19,HepatitisB,6.79,00:59:46,2,8,0.0
2026-08-19,HepatitisB,17.71,01:00:16,2,8,3.01
2026-08-19,HepatitisB,17.87,01:00:46,2,8,3.02
2026-08-19,HepatitisB,4.23,01:01:16,2,8,0.0
2026-08-19,HepatitisB,5.66,01:01:46,2,8,0.0
2026-08-19,HepatitisB,5.71,01:02:16,2,8,0.0
2026-08-19,HepatitisB,2.83,01:02:46,2,8,0.0
2026-08-19,HepatitisB,4.77,01:03:16,2,8,0.0
2026-08-19,HepatitisB,16.28,01:03:46,2,8,3.09
2026-08-19,HepatitisB,2.96,01:04:16,2,8,0.0
2026-08-19,HepatitisB,4.25,01:04:46,2,8,0.0
2026-08-19,HepatitisB,7.11,01:05:16,2,8,0.0
2026-08-19,HepatitisB,6.38,01:05:46,2,8,0.0
2026-08-19,HepatitisB,14.1,01:06:16,2,8,3.14
2026-08-19,HepatitisB,14.26,01:06:46,2,8,3.15
2026-08-19,HepatitisB,7.91,01:07:16,2,8,0.0
2026-08-19,HepatitisB,15.33,01:07:46,2,8,3.17
2026-08-19,HepatitisB,15.81,01:08:16,2,8,3.19
2026-08-19,HepatitisB,9.67,01:08:46,2,8,3.2
2026-08-19,HepatitisB,4.0,01:09:16,2,8,0.0
2026-08-19,HepatitisB,6.41,01:09:46,2,8,0.0
2026-08-19,HepatitisB,5.15,01:10:16,2,8,0.0
2026-08-19,HepatitisB,9.08,01:10:46,2,8,3.24
2026-08-19,HepatitisB,15.49,01:11:16,2,8,3.25
2026-08-19,HepatitisB,4.79,01:11:46,2,8,0.0
2026-08-19,HepatitisB,6.48,01:12:16,2,8,0.0
2026-08-19,HepatitisB,14.32,01:12:46,2,8,3.28
2026-08-19,HepatitisB,7.04,01:13:16,2,8,0.0
2026-08-19,HepatitisB,10.14,01:13:46,2,8,3.3
2026-08-19,HepatitisB,5.58,01:14:16,2,8,0.0
2026-08-19,HepatitisB,4.11,01:14:46,2,8,0.0
2026-08-19,HepatitisB,2.62,01:15:16,2,8,0.0
2026-08-19,HepatitisB,7.55,01:15:46,2,8,0.0
2026-08-19,HepatitisB,3.27,01:16:16,2,8,0.0
2026-08-19,HepatitisB,17.51,01:16:46,2,8,3.37
2026-08-19,HepatitisB,4.26,01:17:16,2,8,0.0
2026-08-19,HepatitisB,6.96,01:17:46,2,8,0.0
2026-08-19,HepatitisB,13.01,01:18:16,2,8,3.4
2026-08-19,HepatitisB,3.9,01:18:46,2,8,0.0
2026-08-19,HepatitisB,4.41,01:19:16,2,8,0.0
2026-08-19,HepatitisB,6.03,01:19:46,2,8,0.0
2026-08-19,HepatitisB,17.5,01:20:16,2,8,3.44
2026-08-19,HepatitisB,7.49,01:20:46,2,8,0.0
2026-08-19,HepatitisB,2.0,01:21:16,2,8,0.0
2026-08-19,HepatitisB,4.6,01:21:46,2,8,0.0
2026-08-19,HepatitisB,7.92,01:22:16,2,8,0.0
2026-08-19,HepatitisB,4.72,01:22:46,2,8,0.0
2026-08-19,HepatitisB,4.8,01:23:16,2,8,0.0
2026-08-19,HepatitisB,4.51,01:23:46,2,8,0.0
2026-08-19,HepatitisB,4.05,01:24:16,2,8,0.0
2026-08-19,HepatitisB,15.09,01:24:46,2,8,3.54
2026-08-19,HepatitisB,5.48,01:25:16,2,8,0.0
2026-08-19,HepatitisB,4.2,01:25:46,2,8,0.0
2026-08-19,HepatitisB,10.59,01:26:16,2,8,3.58
2026-08-19,HepatitisB,15.47,01:26:46,2,8,3.59
2026-08-19,HepatitisB,2.61,01:27:16,2,8,0.0
2026-08-19,HepatitisB,6.99,01:27:46,2,8,0.0
2026-08-19,HepatitisB,4.5,01:28:16,2,8,0.0
2026-08-19,HepatitisB,6.9,01:28:46,2,8,0.0
2026-08-19,HepatitisB,16.69,01:29:16,2,8,3.64
2026-08-19,HepatitisB,5.1,01:29:46,2,8,0.0
2026-08-19,HepatitisB,7.35,01:30:16,2,8,0.0
2026-08-19,HepatitisB,12.47,01:30:46,2,8,3.67
2026-08-19,HepatitisB,2.04,01:31:16,2,8,0.0
2026-08-19,HepatitisB,6.73,01:31:46,2,8,0.0
2026-08-19,HepatitisB,15.94,01:32:16,2,8,3.71
2026-08-19,HepatitisB,7.53,01:32:46,2,8,0.0
2026-08-19,HepatitisB,3.67,01:33:16,2,8,0.0
2026-08-19,HepatitisB,5.07,01:33:46,2,8,0.0
2026-08-19,HepatitisB,3.22,01:34:16,2,8,0.0
2026-08-19,HepatitisB,5.94,01:34:46,2,8,0.0
2026-08-19,HepatitisB,3.54,01:35:16,2,8,0.0
2026-08-19,HepatitisB,6.42,01:35:46,2,8,0.0
2026-08-19,HepatitisB,2.09,01:36:16,2,8,0.0
2026-08-19,HepatitisB,5.62,01:36:46,2,8,0.0
2026-08-19,HepatitisB,5.89,01:37:16,2,8,0.0
2026-08-19,HepatitisB,3.15,01:37:46,2,8,0.0
2026-08-19,HepatitisB,2.14,01:38:16,2,8,0.0
2026-08-19,HepatitisB,2.27,01:38:46,2,8,0.0
2026-08-19,HepatitisB,9.27,01:39:16,2,8,3.86
2026-08-19,HepatitisB,7.48,01:39:46,2,8,0.0
2026-08-19,HepatitisB,7.97,01:40:16,2,8,0.0
2026-08-19,HepatitisB,9.16,01:40:46,2,8,3.89
2026-08-19,HepatitisB,17.89,01:41:16,2,8,3.9
2026-08-19,HepatitisB,4.32,01:41:46,2,8,0.0
2026-08-19,HepatitisB,10.2,01:42:16,2,8,3.92
2026-08-19,HepatitisB,7.88,01:42:46,2,8,0.0
2026-08-19,HepatitisB,9.64,01:43:16,2,8,3.94
2026-08-19,HepatitisB,6.8,01:43:46,2,8,0.0
2026-08-19,HepatitisB,6.13,01:44:16,2,8,0.0
2026-08-19,HepatitisB,14.77,01:44:46,2,8,3.98
2026-08-19,HepatitisB,7.68,01:45:16,2,8,0.0
2026-08-19,HepatitisB,16.63,01:45:46,2,8,4.0
2026-08-19,HepatitisB,6.16,01:46:16,2,8,0.0
2026-08-19,HepatitisB,6.62,01:46:46,2,8,0.0
2026-08-19,HepatitisB,7.16,01:47:16,2,8,0.0
2026-08-19,HepatitisB,6.95,01:47:46,2,8,0.0
2026-08-19,HepatitisB,6.62,01:48:16,2,8,0.0
2026-08-19,HepatitisB,5.75,01:48:46,2,8,0.0
2026-08-19,HepatitisB,2.97,01:49:16,2,8,0.0
2026-08-19,HepatitisB,3.24,01:49:46,2,8,0.0
2026-08-19,HepatitisB,6.51,01:50:16,2,8,0.0
2026-08-19,HepatitisB,13.85,01:50:46,2,8,4.11
2026-08-19,HepatitisB,10.49,01:51:16,2,8,4.12
2026-08-19,HepatitisB,9.07,01:51:46,2,8,4.13
2026-08-19,HepatitisB,7.65,01:52:16,2,8,0.0
2026-08-19,HepatitisB,15.87,01:52:46,2,8,4.15
2026-08-19,HepatitisB,15.19,01:53:16,2,8,4.16
2026-08-19,HepatitisB,3.15,01:53:46,2,8,0.0
2026-08-19,HepatitisB,3.58,01:54:16,2,8,0.0
2026-08-19,HepatitisB,2.08,01:54:46,2,8,0.0
2026-08-19,HepatitisB,7.29,01:55:16,2,8,0.0
2026-08-19,HepatitisB,4.21,01:55:46,2,8,0.0
2026-08-19,HepatitisB,4.83,01:56:16,2,8,0.0
2026-08-19,HepatitisB,15.34,01:56:46,2,8,4.24
2026-08-19,HepatitisB,16.5,01:57:16,2,8,4.25
2026-08-19,HepatitisB,2.76,01:57:46,2,8,0.0
2026-08-19,HepatitisB,4.31,01:58:16,2,8,0.0
2026-08-19,HepatitisB,5.05,01:58:46,2,8,0.0
2026-08-19,HepatitisB,7.11,01:59:16,2,8,0.0
2026-08-19,HepatitisB,10.27,01:59:46,2,8,4.3
2026-08-19,HepatitisB,4.6,02:00:16,2,8,0.0
2026-08-19,HepatitisB,3.76,02:00:46,2,8,0.0
2026-08-19,HepatitisB,4.68,02:01:16,2,8,0.0
2026-08-19,HepatitisB,3.27,02:01:46,2,8,0.0
2026-08-19,HepatitisB,7.19,02:02:16,2,8,0.0
2026-08-19,HepatitisB,7.96,02:02:46,2,8,0.0
2026-08-19,HepatitisB,5.2,02:03:16,2,8,0.0
2026-08-19,HepatitisB,6.01,02:03:46,2,8,0.0
2026-08-19,HepatitisB,3.59,02:04:16,2,8,0.0
2026-08-19,HepatitisB,16.42,02:04:46,2,8,4.41
2026-08-19,HepatitisB,3.44,02:05:16,2,8,0.0
2026-08-19,HepatitisB,6.86,02:05:46,2,8,0.0
2026-08-19,HepatitisB,3.71,02:06:16,2,8,0.0
2026-08-19,HepatitisB,4.48,02:06:46,2,8,0.0
2026-08-19,HepatitisB,4.83,02:07:16,2,8,0.0
2026-08-19,HepatitisB,7.38,02:07:46,2,8,0.0
2026-08-19,HepatitisB,4.63,02:08:16,2,8,0.0
2026-08-19,HepatitisB,3.18,02:08:46,2,8,0.0
2026-08-19,HepatitisB,2.36,02:09:16,2,8,0.0
2026-08-19,HepatitisB,5.7,02:09:46,2,8,0.0
2026-08-19,HepatitisB,3.88,02:10:16,2,8,0.0
2026-08-19,HepatitisB,5.64,02:10:46,2,8,0.0
2026-08-19,HepatitisB,3.74,02:11:16,2,8,0.0
2026-08-19,HepatitisB,4.3,02:11:46,2,8,0.0
2026-08-19,HepatitisB,5.95,02:12:16,2,8,0.0
2026-08-19,HepatitisB,2.15,02:12:46,2,8,0.0
2026-08-19,HepatitisB,4.06,02:13:16,2,8,0.0
2026-08-19,HepatitisB,4.34,02:13:46,2,8,0.0
2026-08-19,HepatitisB,3.11,02:14:16,2,8,0.0
2026-08-19,HepatitisB,2.57,02:14:46,2,8,0.0
2026-08-19,HepatitisB,5.53,02:15:16,2,8,0.0
2026-08-19,HepatitisB,5.5,02:15:46,2,8,0.0
2026-08-19,HepatitisB,2.95,02:16:16,2,8,0.0
2026-08-19,HepatitisB,9.47,02:16:46,2,8,4.67
2026-08-19,HepatitisB,7.24,02:17:16,2,8,0.0
2026-08-19,HepatitisB,13.06,02:17:46,2,8,4.69
2026-08-19,HepatitisB,4.57,02:18:16,2,8,0.0
2026-08-19,HepatitisB,3.0,02:18:46,2,8,0.0
2026-08-19,HepatitisB,5.26,02:19:16,2,8,0.0
2026-08-19,HepatitisB,7.98,02:19:46,2,8,0.0
2026-08-19,HepatitisB,11.54,02:20:16,2,8,4.75
2026-08-19,HepatitisB,7.47,02:20:46,2,8,0.0
2026-08-19,HepatitisB,6.94,02:21:16,2,8,0.0
2026-08-19,HepatitisB,6.27,02:21:46,2,8,0.0
2026-08-19,HepatitisB,2.59,02:22:16,2,8,0.0
2026-08-19,HepatitisB,12.11,02:22:46,2,8,4.8
2026-08-19,HepatitisB,17.39,02:23:16,2,8,4.81
2026-08-19,HepatitisB,7.56,02:23:46,2,8,0.0
2026-08-19,HepatitisB,9.89,02:24:16,2,8,4.83
2026-08-19,HepatitisB,7.74,02:24:46,2,8,0.0
2026-08-19,HepatitisB,7.43,02:25:16,2,8,0.0
2026-08-19,HepatitisB,12.39,02:25:46,2,8,4.86
2026-08-19,HepatitisB,4.96,02:26:16,2,8,0.0
2026-08-19,HepatitisB,6.04,02:26:46,2,8,0.0
2026-08-19,HepatitisB,11.37,02:27:16,2,8,4.9
2026-08-19,HepatitisB,6.99,02:27:46,2,8,0.0
2026-08-19,HepatitisB,7.47,02:28:16,2,8,0.0
2026-08-19,HepatitisB,13.89,02:28:46,2,8,4.93
2026-08-19,HepatitisB,4.13,02:29:16,2,8,0.0
2026-08-19,HepatitisB,14.01,02:29:46,2,8,4.95
2026-08-19,HepatitisB,2.57,02:30:16,2,8,0.0
2026-08-19,HepatitisB,3.85,02:30:46,2,8,0.0
2026-08-19,HepatitisB,14.55,02:31:16,2,8,4.98
2026-08-19,HepatitisB,2.7,02:31:46,2,8,0.0
2026-08-19,HepatitisB,3.82,02:32:16,2,8,0.0
2026-08-19,HepatitisB,6.86,02:32:46,2,8,0.0
2026-08-19,HepatitisB,14.52,02:33:16,2,8,5.03
2026-08-19,HepatitisB,5.14,02:33:46,2,8,0.0
2026-08-19,HepatitisB,2.67,02:34:16,2,8,0.0
2026-08-19,HepatitisB,7.02,02:34:46,2,8,0.0
2026-08-19,HepatitisB,3.84,02:35:16,2,8,0.0
2026-08-19,HepatitisB,4.9,02:35:46,2,8,0.0
2026-08-19,HepatitisB,16.48,02:36:16,2,8,5.09
2026-08-19,HepatitisB,12.18,02:36:46,2,8,5.1
2026-08-19,HepatitisB,3.47,02:37:16,2,8,0.0
2026-08-19,HepatitisB,2.52,02:37:46,2,8,0.0
2026-08-19,HepatitisB,3.72,02:38:16,2,8,0.0
2026-08-19,HepatitisB,2.35,02:38:46,2,8,0.0
2026-08-19,HepatitisB,3.37,02:39:16,2,8,0.0
2026-08-19,HepatitisB,3.14,02:39:46,2,8,0.0
2026-08-19,HepatitisB,2.45,02:40:16,2,8,0.0
2026-08-19,HepatitisB,2.94,02:40:46,2,8,0.0
2026-08-19,HepatitisB,14.82,02:41:16,2,8,5.2
2026-08-19,HepatitisB,13.59,02:41:46,2,8,5.21
2026-08-19,HepatitisB,15.17,02:42:16,2,8,5.22
2026-08-19,HepatitisB,6.56,02:42:46,2,8,0.0
2026-08-19,HepatitisB,7.11,02:43:16,2,8,0.0
2026-08-19,HepatitisB,13.69,02:43:46,2,8,5.25
2026-08-19,HepatitisB,4.78,02:44:16,2,8,0.0
2026-08-19,HepatitisB,2.79,02:44:46,2,8,0.0
2026-08-19,HepatitisB,10.21,02:45:16,2,8,5.29
2026-08-19,HepatitisB,7.78,02:45:46,2,8,0.0
2026-08-19,HepatitisB,11.51,02:46:16,2,8,5.31
2026-08-19,HepatitisB,3.59,02:46:46,2,8,0.0
2026-08-19,HepatitisB,5.37,02:47:16,2,8,0.0
2026-08-19,HepatitisB,7.82,02:47:46,2,8,0.0
2026-08-19,HepatitisB,2.9,02:48:16,2,8,0.0
2026-08-19,HepatitisB,4.99,02:48:46,2,8,0.0
2026-08-19,HepatitisB,7.27,02:49:16,2,8,0.0
2026-08-19,HepatitisB,6.77,02:49:46,2,8,0.0
2026-08-19,HepatitisB,16.54,02:50:16,2,8,5.4
2026-08-19,HepatitisB,2.17,02:50:46,2,8,0.0
2026-08-19,HepatitisB,11.63,02:51:16,2,8,5.42
2026-08-19,HepatitisB,4.18,02:51:46,2,8,0.0
2026-08-19,HepatitisB,7.06,02:52:16,2,8,0.0
2026-08-19,HepatitisB,7.66,02:52:46,2,8,0.0
2026-08-19,HepatitisB,7.48,02:53:16,2,8,0.0
2026-08-19,HepatitisB,2.47,02:53:46,2,8,0.0
2026-08-19,HepatitisB,4.15,02:54:16,2,8,0.0
2026-08-19,HepatitisB,16.09,02:54:46,2,8,5.49
2026-08-19,HepatitisB,6.99,02:55:16,2,8,0.0
2026-08-19,HepatitisB,17.3,02:55:46,2,8,5.51
2026-08-19,HepatitisB,2.88,02:56:16,2,8,0.0
2026-08-19,HepatitisB,3.66,02:56:46,2,8,0.0
2026-08-19,HepatitisB,4.29,02:57:16,2,8,0.0
2026-08-19,HepatitisB,7.31,02:57:46,2,8,0.0
2026-08-19,HepatitisB,7.45,02:58:16,2,8,0.0
2026-08-19,HepatitisB,4.26,02:58:46,2,8,0.0
2026-08-19,HepatitisB,7.78,02:59:16,2,8,0.0
2026-08-19,HepatitisB,2.46,02:59:46,2,8,0.0
2026-08-19,HepatitisB,4.98,03:00:16,2,8,0.0
2026-08-19,HepatitisB,5.02,03:00:46,2,8,0.0
2026-08-19,HepatitisB,2.97,03:01:16,2,8,0.0
2026-08-19,HepatitisB,9.49,03:01:46,2,8,5.64
2026-08-19,HepatitisB,2.19,03:02:16,2,8,0.0
2026-08-19,HepatitisB,7.84,03:02:46,2,8,0.0
2026-08-19,HepatitisB,2.85,03:03:16,2,8,0.0
2026-08-19,HepatitisB,6.54,03:03:46,2,8,0.0
2026-08-19,HepatitisB,7.76,03:04:16,2,8,0.0
2026-08-19,HepatitisB,16.28,03:04:46,2,8,5.71
2026-08-19,HepatitisB,4.88,03:05:16,2,8,0.0
2026-08-19,HepatitisB,3.31,03:05:46,2,8,0.0
2026-08-19,HepatitisB,4.82,03:06:16,2,8,0.0
2026-08-19,HepatitisB,4.56,03:06:46,2,8,0.0
2026-08-19,HepatitisB,4.32,03:07:16,2,8,0.0
2026-08-19,HepatitisB,6.9,03:07:46,2,8,0.0
2026-08-19,HepatitisB,11.59,03:08:16,2,8,5.79
2026-08-19,HepatitisB,14.17,03:08:46,2,8,5.8
2026-08-19,HepatitisB,3.9,03:09:16,2,8,0.0
2026-08-19,HepatitisB,5.97,03:09:46,2,8,0.0
2026-08-19,HepatitisB,5.74,03:10:16,2,8,0.0
2026-08-19,HepatitisB,4.01,03:10:46,2,8,0.0
2026-08-19,HepatitisB,2.77,03:11:16,2,8,0.0
2026-08-19,HepatitisB,17.99,03:11:46,2,8,5.86
2026-08-19,HepatitisB,4.52,03:12:16,2,8,0.0
2026-08-19,HepatitisB,17.92,03:12:46,2,8,5.88
2026-08-19,HepatitisB,4.55,03:13:16,2,8,0.0
2026-08-19,HepatitisB,5.26,03:13:46,2,8,0.0
2026-08-19,HepatitisB,5.84,03:14:16,2,8,0.0
2026-08-19,HepatitisB,4.87,03:14:46,2,8,0.0
2026-08-19,HepatitisB,3.02,03:15:16,2,8,0.0
2026-08-19,HepatitisB,16.29,03:15:46,2,8,5.95
2026-08-19,HepatitisB,2.61,03:16:16,2,8,0.0
2026-08-19,HepatitisB,7.0,03:16:46,2,8,0.0
2026-08-19,HepatitisB,5.17,03:17:16,2,8,0.0
2026-08-19,HepatitisB,4.35,03:17:46,2,8,0.0
2026-08-19,HepatitisB,3.94,03:18:16,2,8,0.0
2026-08-19,HepatitisB,6.1,03:18:46,2,8,0.0
2026-08-19,HepatitisB,14.32,03:19:16,2,8,6.02
2026-08-19,HepatitisB,2.51,03:19:46,2,8,0.0
2026-08-19,HepatitisB,11.36,03:20:16,2,8,6.05
2026-08-19,HepatitisB,9.67,03:20:46,2,8,6.06
2026-08-19,HepatitisB,10.09,03:21:16,2,8,6.07
2026-08-19,HepatitisB,4.37,03:21:46,2,8,0.0
2026-08-19,HepatitisB,15.77,03:22:16,2,8,6.09
2026-08-19,HepatitisB,11.64,03:22:46,2,8,6.1
2026-08-19,HepatitisB,11.07,03:23:16,2,8,6.11
2026-08-19,HepatitisB,2.86,03:23:46,2,8,0.0
2026-08-19,HepatitisB,7.52,03:24:16,2,8,0.0
2026-08-19,HepatitisB,14.67,03:24:46,2,8,6.14
2026-08-19,HepatitisB,6.39,03:25:16,2,8,0.0
2026-08-19,HepatitisB,5.45,03:25:46,2,8,0.0
2026-08-19,HepatitisB,3.5,03:26:16,2,8,0.0
2026-08-19,HepatitisB,14.99,03:26:46,2,8,6.19
2026-08-19,HepatitisB,10.04,03:27:16,2,8,6.2
2026-08-19,HepatitisB,6.94,03:27:46,2,8,0.0
2026-08-19,HepatitisB,7.39,03:28:16,2,8,0.0
2026-08-19,HepatitisB,15.63,03:28:46,2,8,6.23
2026-08-19,HepatitisB,15.3,03:29:16,2,8,6.24
2026-08-19,HepatitisB,12.64,03:29:46,2,8,6.25
2026-08-19,HepatitisB,15.43,03:30:16,2,8,6.26
2026-08-19,HepatitisB,3.83,03:30:46,2,8,0.0
2026-08-19,HepatitisB,11.07,03:31:16,2,8,6.28
2026-08-19,HepatitisB,14.2,03:31:46,2,8,6.29
2026-08-19,HepatitisB,5.18,03:32:16,2,8,0.0
2026-08-19,HepatitisB,3.15,03:32:46,2,8,0.0
2026-08-19,HepatitisB,5.13,03:33:16,2,8,0.0
2026-08-19,HepatitisB,6.46,03:33:46,2,8,0.0
2026-08-19,HepatitisB,13.53,03:34:16,2,8,6.35
2026-08-19,HepatitisB,2.65,03:34:46,2,8,0.0
2026-08-19,HepatitisB,3.3,03:35:16,2,8,0.0
2026-08-19,HepatitisB,5.5,03:35:46,2,8,0.0
2026-08-19,HepatitisB,3.91,03:36:16,2,8,0.0
2026-08-19,HepatitisB,3.52,03:36:46,2,8,0.0
2026-08-19,HepatitisB,3.96,03:37:16,2,8,0.0
2026-08-19,HepatitisB,2.78,03:37:46,2,8,0.0
2026-08-19,HepatitisB,3.35,03:38:16,2,8,0.0
2026-08-19,HepatitisB,6.88,03:38:46,2,8,0.0
2026-08-19,HepatitisB,17.73,03:39:16,2,8,6.46
2026-08-19,HepatitisB,6.09,03:39:46,2,8,0.0
2026-08-19,HepatitisB,6.63,03:40:16,2,8,0.0
2026-08-19,HepatitisB,17.26,03:40:46,2,8,6.49
2026-08-19,HepatitisB,3.61,03:41:16,2,8,0.0
2026-08-19,HepatitisB,2.25,03:41:46,2,8,0.0
2026-08-19,HepatitisB,2.48,03:42:16,2,8,0.0
2026-08-19,HepatitisB,12.0,03:42:46,2,8,6.53
2026-08-19,HepatitisB,9.37,03:43:16,2,8,6.54
2026-08-19,HepatitisB,2.77,03:43:46,2,8,0.0
2026-08-19,HepatitisB,17.97,03:44:16,2,8,6.57
2026-08-19,HepatitisB,7.05,03:44:46,2,8,0.0
2026-08-19,HepatitisB,12.58,03:45:16,2,8,6.59
2026-08-19,HepatitisB,6.86,03:45:46,2,8,0.0
2026-08-19,HepatitisB,9.91,03:46:16,2,8,6.61
2026-08-19,HepatitisB,5.89,03:46:46,2,8,0.0
2026-08-19,HepatitisB,2.0,03:47:16,2,8,0.0
2026-08-19,HepatitisB,6.46,03:47:46,2,8,0.0
2026-08-19,HepatitisB,4.79,03:48:16,2,8,0.0
2026-08-19,HepatitisB,15.77,03:48:46,2,8,6.66
2026-08-19,HepatitisB,4.17,03:49:16,2,8,0.0
2026-08-19,HepatitisB,3.0,03:49:46,2,8,0.0
2026-08-19,HepatitisB,2.62,03:50:16,2,8,0.0
2026-08-19,HepatitisB,3.75,03:50:46,2,8,0.0
2026-08-19,HepatitisB,3.61,03:51:16,2,8,0.0
2026-08-19,HepatitisB,12.95,03:51:46,2,8,6.73
2026-08-19,HepatitisB,6.99,03:52:16,2,8,0.0
2026-08-19,HepatitisB,9.72,03:52:46,2,8,6.75
2026-08-19,HepatitisB,14.38,03:53:16,2,8,6.76
2026-08-19,HepatitisB,2.52,03:53:46,2,8,0.0
2026-08-19,HepatitisB,5.86,03:54:16,2,8,0.0
2026-08-19,HepatitisB,6.65,03:54:46,2,8,0.0
2026-08-19,HepatitisB,12.51,03:55:16,2,8,6.8
2026-08-19,HepatitisB,15.45,03:55:46,2,8,6.81
2026-08-19,HepatitisB,2.98,03:56:16,2,8,0.0
2026-08-19,HepatitisB,7.92,03:56:46,2,8,0.0
2026-08-19,HepatitisB,7.25,03:57:16,2,8,0.0
2026-08-19,HepatitisB,11.22,03:57:46,2,8,6.86
2026-08-19,HepatitisB,4.89,03:58:16,2,8,0.0
2026-08-19,HepatitisB,5.76,03:58:46,2,8,0.0
2026-08-19,HepatitisB,3.1,03:59:16,2,8,0.0
2026-08-19,HepatitisB,4.56,03:59:46,2,8,0.0
2026-08-19,HepatitisB,6.48,04:00:16,2,8,0.0
2026-08-19,HepatitisB,4.82,04:00:46,2,8,0.0
2026-08-19,HepatitisB,17.47,04:01:16,2,8,6.93
2026-08-19,HepatitisB,5.7,04:01:46,2,8,0.0
2026-08-19,HepatitisB,7.17,04:02:16,2,8,0.0
2026-08-19,HepatitisB,3.7,04:02:46,2,8,0.0
2026-08-19,HepatitisB,4.96,04:03:16,2,8,0.0
2026-08-19,HepatitisB,13.77,04:03:46,2,8,6.99
2026-08-19,HepatitisB,3.97,04:04:16,2,8,0.0
2026-08-19,HepatitisB,11.38,04:04:46,2,8,7.01
2026-08-19,HepatitisB,2.26,04:05:16,2,8,0.0
2026-08-19,HepatitisB,6.56,04:05:46,2,8,0.0
2026-08-19,HepatitisB,9.37,04:06:16,2,8,7.04
2026-08-19,HepatitisB,7.95,04:06:46,2,8,0.0
2026-08-19,HepatitisB,2.72,04:07:16,2,8,0.0
2026-08-19,HepatitisB,6.65,04:07:46,2,8,0.0
2026-08-19,HepatitisB,3.25,04:08:16,2,8,0.0
2026-08-19,HepatitisB,2.94,04:08:46,2,8,0.0
2026-08-19,HepatitisB,2.83,04:09:16,2,8,0.0
2026-08-19,HepatitisB,5.93,04:09:46,2,8,0.0
2026-08-19,HepatitisB,6.02,04:10:16,2,8,0.0
2026-08-19,HepatitisB,6.17,04:10:46,2,8,0.0
2026-08-19,HepatitisB,3.69,04:11:16,2,8,0.0
2026-08-19,HepatitisB,2.19,04:11:46,2,8,0.0
2026-08-19,HepatitisB,14.54,04:12:16,2,8,7.17
2026-08-19,HepatitisB,6.39,04:12:46,2,8,0.0
2026-08-19,HepatitisB,2.88,04:13:16,2,8,0.0
2026-08-19,HepatitisB,9.24,04:13:46,2,8,7.2
2026-08-19,HepatitisB,9.37,04:14:16,2,8,7.21
2026-08-19,HepatitisB,12.67,04:14:46,2,8,7.23
2026-08-19,HepatitisB,4.89,04:15:16,2,8,0.0
2026-08-19,HepatitisB,18.0,04:15:46,2,8,7.25
2026-08-19,HepatitisB,2.89,04:16:16,2,8,0.0
2026-08-19,HepatitisB,15.46,04:16:46,2,8,7.27
2026-08-19,HepatitisB,6.74,04:17:16,2,8,0.0
2026-08-19,HepatitisB,10.52,04:17:46,2,8,7.29
2026-08-19,HepatitisB,2.95,04:18:16,2,8,0.0
2026-08-19,HepatitisB,17.13,04:18:46,2,8,7.31
2026-08-19,HepatitisB,2.74,04:19:16,2,8,0.0
2026-08-19,HepatitisB,3.94,04:19:46,2,8,0.0
2026-08-19,HepatitisB,9.31,04:20:16,2,8,7.35
2026-08-19,HepatitisB,16.19,04:20:46,2,8,7.36
2026-08-19,HepatitisB,17.48,04:21:16,2,8,7.37
2026-08-19,HepatitisB,7.03,04:21:46,2,8,0.0
2026-08-19,HepatitisB,10.31,04:22:16,2,8,7.39
2026-08-19,HepatitisB,16.2,04:22:46,2,8,7.4
2026-08-19,HepatitisB,4.19,04:23:16,2,8,0.0
2026-08-19,HepatitisB,12.1,04:23:46,2,8,7.42
2026-08-19,HepatitisB,2.25,04:24:16,2,8,0.0
2026-08-19,HepatitisB,3.65,04:24:46,2,8,0.0
2026-08-19,HepatitisB,4.36,04:25:16,2,8,0.0
2026-08-19,HepatitisB,11.0,04:25:46,2,8,7.46
2026-08-19,HepatitisB,6.57,04:26:16,2,8,0.0
2026-08-19,HepatitisB,4.9,04:26:46,2,8,0.0
2026-08-19,HepatitisB,4.57,04:27:16,2,8,0.0
2026-08-19,HepatitisB,7.85,04:27:46,2,8,0.0
2026-08-19,HepatitisB,2.07,04:28:16,2,8,0.0
2026-08-19,HepatitisB,7.4,04:28:46,2,8,0.0
2026-08-19,HepatitisB,4.09,04:29:16,2,8,0.0
2026-08-19,HepatitisB,2.89,04:29:46,2,8,0.0
2026-08-19,HepatitisB,4.32,04:30:16,2,8,0.0
2026-08-19,HepatitisB,5.65,04:30:46,2,8,0.0
2026-08-19,HepatitisB,2.61,04:31:16,2,8,0.0
2026-08-19,HepatitisB,11.91,04:31:46,2,8,7.59
2026-08-19,HepatitisB,4.29,04:32:16,2,8,0.0
2026-08-19,HepatitisB,3.56,04:32:46,2,8,0.0
2026-08-19,HepatitisB,3.45,04:33:16,2,8,0.0
2026-08-19,HepatitisB,4.95,04:33:46,2,8,0.0
2026-08-19,HepatitisB,4.27,04:34:16,2,8,0.0
2026-08-19,HepatitisB,10.59,04:34:46,2,8,7.66
2026-08-19,HepatitisB,5.88,04:35:16,2,8,0.0
2026-08-19,HepatitisB,5.54,04:35:46,2,8,0.0
2026-08-19,HepatitisB,11.01,04:36:16,2,8,7.69
2026-08-19,HepatitisB,4.62,04:36:46,2,8,0.0
2026-08-19,HepatitisB,5.8,04:37:16,2,8,0.0
2026-08-19,HepatitisB,5.1,04:37:46,2,8,0.0
2026-08-19,HepatitisB,6.41,04:38:16,2,8,0.0
2026-08-19,HepatitisB,17.62,04:38:46,2,8,7.75
2026-08-19,HepatitisB,4.71,04:39:16,2,8,0.0
2026-08-19,HepatitisB,2.91,04:39:46,2,8,0.0
2026-08-19,HepatitisB,4.06,04:40:16,2,8,0.0
2026-08-19,HepatitisB,7.73,04:40:46,2,8,0.0
2026-08-19,HepatitisB,3.17,04:41:16,2,8,0.0
2026-08-19,HepatitisB,12.72,04:41:46,2,8,7.81
2026-08-19,HepatitisB,3.03,04:42:16,2,8,0.0
2026-08-19,HepatitisB,7.01,04:42:46,2,8,0.0
2026-08-19,HepatitisB,5.79,04:43:16,2,8,0.0
2026-08-19,HepatitisB,6.85,04:43:46,2,8,0.0
2026-08-19,HepatitisB,2.93,04:44:16,2,8,0.0
2026-08-19,HepatitisB,9.96,04:44:46,2,8,7.88
2026-08-19,HepatitisB,4.67,04:45:16,2,8,0.0
2026-08-19,HepatitisB,11.57,04:45:46,2,8,7.9
2026-08-19,HepatitisB,6.72,04:46:16,2,8,0.0
2026-08-19,HepatitisB,5.8,04:46:46,2,8,0.0
2026-08-19,HepatitisB,4.55,04:47:16,2,8,0.0
2026-08-19,HepatitisB,7.92,04:47:46,2,8,0.0
2026-08-19,HepatitisB,6.09,04:48:16,2,8,0.0
2026-08-19,HepatitisB,5.11,04:48:46,2,8,0.0
2026-08-19,HepatitisB,7.58,04:49:16,2,8,0.0
2026-08-19,HepatitisB,7.12,04:49:46,2,8,0.0
2026-08-19,HepatitisB,4.9,04:50:16,2,8,0.0
2026-08-19,HepatitisB,6.73,04:50:46,2,8,0.0
2026-08-19,HepatitisB,6.48,04:51:16,2,8,0.0
2026-08-19,HepatitisB,16.64,04:51:46,2,8,8.03
2026-08-19,HepatitisB,2.98,04:52:16,2,8,0.0
2026-08-19,HepatitisB,3.52,04:52:46,2,8,0.0
2026-08-19,HepatitisB,6.56,04:53:16,2,8,0.0
2026-08-19,HepatitisB,4.97,04:53:46,2,8,0.0
2026-08-19,HepatitisB,2.31,04:54:16,2,8,0.0
2026-08-19,HepatitisB,4.5,04:54:46,2,8,0.0
2026-08-19,HepatitisB,17.3,04:55:16,2,8,8.1
2026-08-19,HepatitisB,3.96,04:55:46,2,8,0.0
2026-08-19,HepatitisB,3.92,04:56:16,2,8,0.0
2026-08-19,HepatitisB,4.28,04:56:46,2,8,0.0
2026-08-19,HepatitisB,3.61,04:57:16,2,8,0.0
2026-08-19,HepatitisB,3.36,04:57:46,2,8,0.0
2026-08-19,HepatitisB,9.49,04:58:16,2,8,8.17
2026-08-19,HepatitisB,7.87,04:58:46,2,8,0.0
2026-08-19,HepatitisB,6.84,04:59:16,2,8,0.0
2026-08-19,HepatitisB,5.6,04:59:46,2,8,0.0
2026-08-19,HepatitisB,9.42,05:00:16,2,8,8.21
2026-08-19,HepatitisB,5.93,05:00:46,2,8,0.0
2026-08-19,HepatitisB,3.83,05:01:16,2,8,0.0
2026-08-19,HepatitisB,3.9,05:01:46,2,8,0.0
2026-08-19,HepatitisB,13.9,05:02:16,2,8,8.25
2026-08-19,HepatitisB,3.27,05:02:46,2,8,0.0
2026-08-19,HepatitisB,12.74,05:03:16,2,8,8.28
2026-08-19,HepatitisB,10.86,05:03:46,2,8,8.29
2026-08-19,HepatitisB,14.11,05:04:16,2,8,8.3
2026-08-19,HepatitisB,2.58,05:04:46,2,8,0.0
2026-08-19,HepatitisB,14.7,05:05:16,2,8,8.32
2026-08-19,HepatitisB,5.21,05:05:46,2,8,0.0
2026-08-19,HepatitisB,3.83,05:06:16,2,8,0.0
2026-08-19,HepatitisB,6.91,05:06:46,2,8,0.0
2026-08-19,HepatitisB,3.71,05:07:16,2,8,0.0
2026-08-19,HepatitisB,2.42,05:07:46,2,8,0.0
2026-08-19,HepatitisB,2.35,05:08:16,2,8,0.0
2026-08-19,HepatitisB,7.33,05:08:46,2,8,0.0
2026-08-19,HepatitisB,7.1,05:09:16,2,8,0.0
2026-08-19,HepatitisB,3.6,05:09:46,2,8,0.0
2026-08-19,HepatitisB,14.84,05:10:16,2,8,8.43
2026-08-19,HepatitisB,4.91,05:10:46,2,8,0.0
2026-08-19,HepatitisB,4.86,05:11:16,2,8,0.0
2026-08-19,HepatitisB,7.0,05:11:46,2,8,0.0
2026-08-19,HepatitisB,6.96,05:12:16,2,8,0.0
2026-08-19,HepatitisB,3.26,05:12:46,2,8,0.0
2026-08-19,HepatitisB,15.91,05:13:16,2,8,8.49
2026-08-19,HepatitisB,12.44,05:13:46,2,8,8.5
2026-08-19,HepatitisB,3.77,05:14:16,2,8,0.0
2026-08-19,HepatitisB,3.91,05:14:46,2,8,0.0
2026-08-19,HepatitisB,6.71,05:15:16,2,8,0.0
2026-08-19,HepatitisB,3.47,05:15:46,2,8,0.0
2026-08-19,HepatitisB,5.19,05:16:16,2,8,0.0
2026-08-19,HepatitisB,4.84,05:16:46,2,8,0.0
2026-08-19,HepatitisB,6.92,05:17:16,2,8,0.0
2026-08-19,HepatitisB,13.94,05:17:46,2,8,8.59
2026-08-19,HepatitisB,15.87,05:18:16,2,8,8.6
2026-08-19,HepatitisB,6.94,05:18:46,2,8,0.0
2026-08-19,HepatitisB,13.49,05:19:16,2,8,8.62
2026-08-19,HepatitisB,6.24,05:19:46,2,8,0.0
2026-08-19,HepatitisB,6.01,05:20:16,2,8,0.0
2026-08-19,HepatitisB,3.92,05:20:46,2,8,0.0
2026-08-19,HepatitisB,3.23,05:21:16,2,8,0.0
2026-08-19,HepatitisB,5.26,05:21:46,2,8,0.0
2026-08-19,HepatitisB,12.99,05:22:16,2,8,8.69
2026-08-19,HepatitisB,3.46,05:22:46,2,8,0.0
2026-08-19,HepatitisB,5.07,05:23:16,2,8,0.0
2026-08-19,HepatitisB,13.84,05:23:46,2,8,8.72
2026-08-19,HepatitisB,15.13,05:24:16,2,8,8.73
2026-08-19,HepatitisB,4.77,05:24:46,2,8,0.0
2026-08-19,HepatitisB,2.75,05:25:16,2,8,0.0
2026-08-19,HepatitisB,7.72,05:25:46,2,8,0.0
2026-08-19,HepatitisB,4.58,05:26:16,2,8,0.0
2026-08-19,HepatitisB,7.77,05:26:46,2,8,0.0
2026-08-19,HepatitisB,3.71,05:27:16,2,8,0.0
2026-08-19,HepatitisB,5.46,05:27:46,2,8,0.0
2026-08-19,HepatitisB,3.6,05:28:16,2,8,0.0
2026-08-19,HepatitisB,3.12,05:28:46,2,8,0.0
2026-08-19,HepatitisB,6.22,05:29:16,2,8,0.0
2026-08-19,HepatitisB,3.75,05:29:46,2,8,0.0
2026-08-19,HepatitisB,5.48,05:30:16,2,8,0.0
2026-08-19,HepatitisB,3.4,05:30:46,2,8,0.0
2026-08-19,HepatitisB,15.92,05:31:16,2,8,8.88
2026-08-19,HepatitisB,7.37,05:31:46,2,8,0.0
2026-08-19,HepatitisB,7.7,05:32:16,2,8,0.0
2026-08-19,HepatitisB,7.61,05:32:46,2,8,0.0
2026-08-19,HepatitisB,9.38,05:33:16,2,8,8.93
2026-08-19,HepatitisB,12.93,05:33:46,2,8,8.94
2026-08-19,HepatitisB,4.05,05:34:16,2,8,0.0
2026-08-19,HepatitisB,4.26,05:34:46,2,8,0.0
2026-08-19,HepatitisB,3.64,05:35:16,2,8,0.0
2026-08-19,HepatitisB,6.3,05:35:46,2,8,0.0
2026-08-19,HepatitisB,2.32,05:36:16,2,8,0.0
2026-08-19,HepatitisB,9.63,05:36:46,2,8,9.0
2026-08-19,HepatitisB,5.39,05:37:16,2,8,0.0
2026-08-19,HepatitisB,6.11,05:37:46,2,8,0.0
2026-08-19,HepatitisB,2.45,05:38:16,2,8,0.0
2026-08-19,HepatitisB,16.93,05:38:46,2,8,9.05
2026-08-19,HepatitisB,2.49,05:39:16,2,8,0.0
2026-08-19,HepatitisB,11.77,05:39:46,2,8,9.07
2026-08-19,HepatitisB,2.36,05:40:16,2,8,0.0
2026-08-19,HepatitisB,4.16,05:40:46,2,8,0.0
2026-08-19,HepatitisB,7.71,05:41:16,2,8,0.0
2026-08-19,HepatitisB,2.64,05:41:46,2,8,0.0
2026-08-19,HepatitisB,2.11,05:42:16,2,8,0.0
2026-08-19,HepatitisB,5.3,05:42:46,2,8,0.0
2026-08-19,HepatitisB,15.73,05:43:16,2,8,9.14
2026-08-19,HepatitisB,5.92,05:43:46,2,8,0.0
2026-08-19,HepatitisB,11.59,05:44:16,2,8,9.17
2026-08-19,HepatitisB,3.68,05:44:46,2,8,0.0
2026-08-19,HepatitisB,17.35,05:45:16,2,8,9.19
2026-08-19,HepatitisB,11.43,05:45:46,2,8,9.2
2026-08-19,HepatitisB,2.76,05:46:16,2,8,0.0
2026-08-19,HepatitisB,17.05,05:46:46,2,8,9.22
2026-08-19,HepatitisB,2.47,05:47:16,2,8,0.0
2026-08-19,HepatitisB,10.53,05:47:46,2,8,9.24
2026-08-19,HepatitisB,2.28,05:48:16,2,8,0.0
2026-08-19,HepatitisB,7.28,05:48:46,2,8,0.0
2026-08-19,HepatitisB,5.15,05:49:16,2,8,0.0
2026-08-19,HepatitisB,16.23,05:49:46,2,8,9.28
2026-08-19,HepatitisB,3.77,05:50:16,2,8,0.0
2026-08-19,HepatitisB,3.37,05:50:46,2,8,0.0
2026-08-19,HepatitisB,6.52,05:51:16,2,8,0.0
2026-08-19,HepatitisB,5.92,05:51:46,2,8,0.0
2026-08-19,HepatitisB,14.98,05:52:16,2,8,9.34
2026-08-19,HepatitisB,2.03,05:52:46,2,8,0.0
2026-08-19,HepatitisB,14.03,05:53:16,2,8,9.36
2026-08-19,HepatitisB,2.17,05:53:46,2,8,0.0
2026-08-19,HepatitisB,2.63,05:54:16,2,8,0.0
2026-08-19,HepatitisB,4.34,05:54:46,2,8,0.0
2026-08-19,HepatitisB,5.8,05:55:16,2,8,0.0
2026-08-19,HepatitisB,6.1,05:55:46,2,8,0.0
2026-08-19,HepatitisB,3.86,05:56:16,2,8,0.0
2026-08-19,HepatitisB,3.57,05:56:46,2,8,0.0
2026-08-19,HepatitisB,6.34,05:57:16,2,8,0.0
2026-08-19,HepatitisB,12.93,05:57:46,2,8,9.46
2026-08-19,HepatitisB,4.41,05:58:16,2,8,0.0
2026-08-19,HepatitisB,5.27,05:58:46,2,8,0.0
2026-08-19,HepatitisB,13.16,05:59:16,2,8,9.49
2026-08-19,HepatitisB,3.12,05:59:46,2,8,0.0
2026-08-19,HepatitisB,4.9,06:00:16,2,8,0.0
2026-08-19,HepatitisB,2.17,06:00:46,2,8,0.0
2026-08-19,HepatitisB,5.34,06:01:16,2,8,0.0
2026-08-19,HepatitisB,15.99,06:01:46,2,8,9.54
2026-08-19,HepatitisB,6.5,06:02:16,2,8,0.0
2026-08-19,HepatitisB,4.53,06:02:46,2,8,0.0
2026-08-19,HepatitisB,4.42,06:03:16,2,8,0.0
2026-08-19,HepatitisB,6.17,06:03:46,2,8,0.0
2026-08-19,HepatitisB,10.21,06:04:16,2,8,9.6
2026-08-19,HepatitisB,3.36,06:04:46,2,8,0.0
2026-08-19,HepatitisB,6.6,06:05:16,2,8,0.0
2026-08-19,HepatitisB,2.23,06:05:46,2,8,0.0
2026-08-19,HepatitisB,4.3,06:06:16,2,8,0.0
2026-08-19,HepatitisB,5.79,06:06:46,2,8,0.0
2026-08-19,HepatitisB,7.71,06:07:16,2,8,0.0
2026-08-19,HepatitisB,9.33,06:07:46,2,8,9.67
2026-08-19,HepatitisB,5.32,06:08:16,2,8,0.0
2026-08-19,HepatitisB,4.65,06:08:46,2,8,0.0
2026-08-19,HepatitisB,10.02,06:09:16,2,8,9.71
2026-08-19,HepatitisB,13.25,06:09:46,2,8,9.72
2026-08-19,HepatitisB,4.45,06:10:16,2,8,0.0
2026-08-19,HepatitisB,5.76,06:10:46,2,8,0.0
2026-08-19,HepatitisB,3.99,06:11:16,2,8,0.0
2026-08-19,HepatitisB,3.66,06:11:46,2,8,0.0
2026-08-19,HepatitisB,6.81,06:12:16,2,8,0.0
2026-08-19,HepatitisB,7.86,06:12:46,2,8,0.0
2026-08-19,HepatitisB,13.91,06:13:16,2,8,9.79
2026-08-19,HepatitisB,6.02,06:13:46,2,8,0.0
2026-08-19,HepatitisB,3.63,06:14:16,2,8,0.0
2026-08-19,HepatitisB,12.98,06:14:46,2,8,9.83
2026-08-19,HepatitisB,11.07,06:15:16,2,8,9.84
2026-08-19,HepatitisB,4.48,06:15:46,2,8,0.0
2026-08-19,HepatitisB,2.72,06:16:16,2,8,0.0
2026-08-19,HepatitisB,14.78,06:16:46,2,8,9.87
2026-08-19,HepatitisB,2.47,06:17:16,2,8,0.0
2026-08-19,HepatitisB,3.0,06:17:46,2,8,0.0
2026-08-19,HepatitisB,4.91,06:18:16,2,8,0.0
2026-08-19,HepatitisB,6.82,06:18:46,2,8,0.0
2026-08-19,HepatitisB,12.84,06:19:16,2,8,9.92
2026-08-19,HepatitisB,5.77,06:19:46,2,8,0.0
2026-08-19,HepatitisB,7.18,06:20:16,2,8,0.0
2026-08-19,HepatitisB,4.31,06:20:46,2,8,0.0
2026-08-19,HepatitisB,3.32,06:21:16,2,8,0.0
2026-08-19,HepatitisB,6.9,06:21:46,2,8,0.0
2026-08-19,HepatitisB,3.81,06:22:16,2,8,0.0
2026-08-19,HepatitisB,16.34,06:22:46,2,8,10.0
2026-08-19,HepatitisB,14.85,06:23:16,2,8,10.01
2026-08-19,HepatitisB,7.73,06:23:46,2,8,0.0
2026-08-19,HepatitisB,4.83,06:24:16,2,8,0.0
2026-08-19,HepatitisB,10.89,06:24:46,2,8,10.04
2026-08-19,HepatitisB,6.81,06:25:16,2,8,0.0
2026-08-19,HepatitisB,7.71,06:25:46,2,8,0.0
2026-08-19,HepatitisB,7.02,06:26:16,2,8,0.0
2026-08-19,HepatitisB,7.55,06:26:46,2,8,0.0
2026-08-19,HepatitisB,7.66,06:27:16,2,8,0.0
2026-08-19,HepatitisB,14.4,06:27:46,2,8,10.11
2026-08-19,HepatitisB,3.17,06:28:16,2,8,0.0
2026-08-19,HepatitisB,2.92,06:28:46,2,8,0.0
2026-08-19,HepatitisB,9.72,06:29:16,2,8,10.14
2026-08-19,HepatitisB,2.76,06:29:46,2,8,0.0
2026-08-19,HepatitisB,10.57,06:30:16,2,8,10.16
2026-08-19,HepatitisB,7.88,06:30:46,2,8,0.0
2026-08-19,HepatitisB,2.95,06:31:16,2,8,0.0
2026-08-19,HepatitisB,10.1,06:31:46,2,8,10.19
2026-08-19,HepatitisB,4.71,06:32:16,2,8,0.0
2026-08-19,HepatitisB,9.82,06:32:46,2,8,10.22
2026-08-19,HepatitisB,6.55,06:33:16,2,8,0.0
2026-08-19,HepatitisB,6.24,06:33:46,2,8,0.0
2026-08-19,HepatitisB,15.79,06:34:16,2,8,10.25
2026-08-19,HepatitisB,7.53,06:34:46,2,8,0.0
2026-08-19,HepatitisB,17.09,06:35:16,2,8,10.27
2026-08-19,HepatitisB,4.3,06:35:46,2,8,0.0
2026-08-19,HepatitisB,5.81,06:36:16,2,8,0.0
2026-08-19,HepatitisB,4.78,06:36:46,2,8,0.0
2026-08-19,HepatitisB,3.15,06:37:16,2,8,0.0
2026-08-19,HepatitisB,6.23,06:37:46,2,8,0.0
2026-08-19,HepatitisB,3.84,06:38:16,2,8,0.0
2026-08-19,HepatitisB,4.49,06:38:46,2,8,0.0
2026-08-19,HepatitisB,2.14,06:39:16,2,8,0.0
2026-08-19,HepatitisB,17.6,06:39:46,2,8,10.37
2026-08-19,HepatitisB,2.73,06:40:16,2,8,0.0
2026-08-19,HepatitisB,12.95,06:40:46,2,8,10.39
2026-08-19,HepatitisB,2.7,06:41:16,2,8,0.0
2026-08-19,HepatitisB,4.89,06:41:46,2,8,0.0
2026-08-19,HepatitisB,2.71,06:42:16,2,8,0.0
2026-08-19,HepatitisB,5.48,06:42:46,2,8,0.0
2026-08-19,HepatitisB,15.07,06:43:16,2,8,10.44
2026-08-19,HepatitisB,2.15,06:43:46,2,8,0.0
2026-08-19,HepatitisB,17.91,06:44:16,2,8,10.47
2026-08-19,HepatitisB,5.31,06:44:46,2,8,0.0
2026-08-19,HepatitisB,3.13,06:45:16,2,8,0.0
2026-08-19,HepatitisB,7.15,06:45:46,2,8,0.0
2026-08-19,HepatitisB,5.94,06:46:16,2,8,0.0
2026-08-19,HepatitisB,6.61,06:46:46,2,8,0.0
2026-08-19,HepatitisB,7.22,06:47:16,2,8,0.0
2026-08-19,HepatitisB,14.9,06:47:46,2,8,10.54
2026-08-19,HepatitisB,11.35,06:48:16,2,8,10.55
2026-08-19,HepatitisB,12.97,06:48:46,2,8,10.56
2026-08-19,HepatitisB,6.34,06:49:16,2,8,0.0
2026-08-19,HepatitisB,9.86,06:49:46,2,8,10.58
2026-08-19,HepatitisB,11.22,06:50:16,2,8,10.6
2026-08-19,HepatitisB,4.04,06:50:46,2,8,0.0
2026-08-19,HepatitisB,5.91,06:51:16,2,8,0.0
2026-08-19,HepatitisB,7.06,06:51:46,2,8,0.0
2026-08-19,HepatitisB,7.17,06:52:16,2,8,0.0
2026-08-19,HepatitisB,5.42,06:52:46,2,8,0.0
2026-08-19,HepatitisB,5.5,06:53:16,2,8,0.0
2026-08-19,HepatitisB,14.28,06:53:46,2,8,10.67
2026-08-19,HepatitisB,7.14,06:54:16,2,8,0.0
2026-08-19,HepatitisB,3.68,06:54:46,2,8,0.0
2026-08-19,HepatitisB,3.19,06:55:16,2,8,0.0
2026-08-19,HepatitisB,7.07,06:55:46,2,8,0.0
2026-08-19,HepatitisB,2.98,06:56:16,2,8,0.0
2026-08-19,HepatitisB,6.85,06:56:46,2,8,0.0
2026-08-19,HepatitisB,7.33,06:57:16,2,8,0.0
2026-08-19,HepatitisB,3.24,06:57:46,2,8,0.0
2026-08-19,HepatitisB,3.89,06:58:16,2,8,0.0
2026-08-19,HepatitisB,5.59,06:58:46,2,8,0.0
2026-08-19,HepatitisB,4.4,06:59:16,2,8,0.0
2026-08-19,HepatitisB,9.51,06:59:46,2,8,10.8
2026-08-19,HepatitisB,17.4,07:00:16,2,8,10.81
2026-08-19,HepatitisB,15.06,07:00:46,2,8,10.82
2026-08-19,HepatitisB,6.78,07:01:16,2,8,0.0
2026-08-19,HepatitisB,6.7,07:01:46,2,8,0.0
2026-08-19,HepatitisB,7.27,07:02:16,2,8,0.0
2026-08-19,HepatitisB,17.95,07:02:46,2,8,10.87
2026-08-19,HepatitisB,17.92,07:03:16,2,8,10.88
2026-08-19,HepatitisB,17.46,07:03:46,2,8,10.89
2026-08-19,HepatitisB,6.17,07:04:16,2,8,0.0
2026-08-19,HepatitisB,3.12,07:04:46,2,8,0.0
2026-08-19,HepatitisB,6.53,07:05:16,2,8,0.0
2026-08-19,HepatitisB,3.04,07:05:46,2,8,0.0
2026-08-19,HepatitisB,7.37,07:06:16,2,8,0.0
2026-08-19,HepatitisB,7.92,07:06:46,2,8,0.0
2026-08-19,HepatitisB,5.71,07:07:16,2,8,0.0
2026-08-19,HepatitisB,11.58,07:07:46,2,8,10.97
2026-08-19,HepatitisB,3.8,07:08:16,2,8,0.0
2026-08-19,HepatitisB,2.38,07:08:46,2,8,0.0
2026-08-19,HepatitisB,6.61,07:09:16,2,8,0.0
2026-08-19,HepatitisB,12.88,07:09:46,2,8,11.02
2026-08-19,HepatitisB,7.25,07:10:16,2,8,0.0
2026-08-19,HepatitisB,6.16,07:10:46,2,8,0.0
2026-08-19,HepatitisB,13.22,07:11:16,2,8,11.05
2026-08-19,HepatitisB,17.0,07:11:46,2,8,11.06
2026-08-19,HepatitisB,3.29,07:12:16,2,8,0.0
2026-08-19,HepatitisB,6.56,07:12:46,2,8,0.0
2026-08-19,HepatitisB,7.65,07:13:16,2,8,0.0
2026-08-19,HepatitisB,12.54,07:13:46,2,8,11.1
2026-08-19,HepatitisB,7.24,07:14:16,2,8,0.0
2026-08-19,HepatitisB,2.75,07:14:46,2,8,0.0
2026-08-19,HepatitisB,5.88,07:15:16,2,8,0.0
2026-08-19,HepatitisB,6.86,07:15:46,2,8,0.0
2026-08-19,HepatitisB,5.37,07:16:16,2,8,0.0
2026-08-19,HepatitisB,7.09,07:16:46,2,8,0.0
2026-08-19,HepatitisB,3.21,07:17:16,2,8,0.0
2026-08-19,HepatitisB,13.63,07:17:46,2,8,11.19
2026-08-19,HepatitisB,17.46,07:18:16,2,8,11.2
2026-08-19,HepatitisB,4.6,07:18:46,2,8,0.0
2026-08-19,HepatitisB,7.88,07:19:16,2,8,0.0
2026-08-19,HepatitisB,3.01,07:19:46,2,8,0.0
2026-08-19,HepatitisB,17.31,07:20:16,2,8,11.25
2026-08-19,HepatitisB,6.17,07:20:46,2,8,0.0
2026-08-19,HepatitisB,11.13,07:21:16,2,8,11.27
2026-08-19,HepatitisB,5.59,07:21:46,2,8,0.0
2026-08-19,HepatitisB,4.28,07:22:16,2,8,0.0
2026-08-19,HepatitisB,4.12,07:22:46,2,8,0.0
2026-08-19,HepatitisB,3.36,07:23:16,2,8,0.0
2026-08-19,HepatitisB,3.48,07:23:46,2,8,0.0
2026-08-19,HepatitisB,5.39,07:24:16,2,8,0.0
2026-08-19,HepatitisB,3.96,07:24:46,2,8,0.0
2026-08-19,HepatitisB,2.51,07:25:16,2,8,0.0
2026-08-19,HepatitisB,14.49,07:25:46,2,8,11.36
2026-08-19,HepatitisB,4.7,07:26:16,2,8,0.0
2026-08-19,HepatitisB,16.69,07:26:46,2,8,11.39
2026-08-19,HepatitisB,5.59,07:27:16,2,8,0.0
2026-08-19,HepatitisB,6.72,07:27:46,2,8,0.0
2026-08-19,HepatitisB,13.1,07:28:16,2,8,11.42
2026-08-19,HepatitisB,16.46,07:28:46,2,8,11.43
2026-08-19,HepatitisB,6.01,07:29:16,2,8,0.0
2026-08-19,HepatitisB,7.98,07:29:46,2,8,0.0
2026-08-19,HepatitisB,6.82,07:30:16,2,8,0.0
2026-08-19,HepatitisB,5.47,07:30:46,2,8,0.0
2026-08-19,HepatitisB,6.82,07:31:16,2,8,0.0
2026-08-19,HepatitisB,7.78,07:31:46,2,8,0.0
2026-08-19,HepatitisB,5.5,07:32:16,2,8,0.0
2026-08-19,HepatitisB,17.63,07:32:46,2,8,11.52
2026-08-19,HepatitisB,2.83,07:33:16,2,8,0.0
2026-08-19,HepatitisB,17.64,07:33:46,2,8,11.54
2026-08-19,HepatitisB,6.21,07:34:16,2,8,0.0
2026-08-19,HepatitisB,13.37,07:34:46,2,8,11.56
2026-08-19,HepatitisB,4.27,07:35:16,2,8,0.0
2026-08-19,HepatitisB,11.83,07:35:46,2,8,11.58
2026-08-19,HepatitisB,14.27,07:36:16,2,8,11.59
2026-08-19,HepatitisB,2.48,07:36:46,2,8,0.0
2026-08-19,HepatitisB,15.2,07:37:16,2,8,11.61
2026-08-19,HepatitisB,4.93,07:37:46,2,8,0.0
2026-08-19,HepatitisB,12.57,07:38:16,2,8,11.63
2026-08-19,HepatitisB,4.13,07:38:46,2,8,0.0
2026-08-19,HepatitisB,2.03,07:39:16,2,8,0.0
2026-08-19,HepatitisB,3.06,07:39:46,2,8,0.0
2026-08-19,HepatitisB,2.52,07:40:16,2,8,0.0
2026-08-19,HepatitisB,7.6,07:40:46,2,8,0.0
2026-08-19,HepatitisB,3.66,07:41:16,2,8,0.0
2026-08-19,HepatitisB,2.57,07:41:46,2,8,0.0
2026-08-19,HepatitisB,6.14,07:42:16,2,8,0.0
2026-08-19,HepatitisB,7.56,07:42:46,2,8,0.0
2026-08-19,HepatitisB,14.53,07:43:16,2,8,11.74
2026-08-19,HepatitisB,2.96,07:43:46,2,8,0.0
2026-08-19,HepatitisB,4.06,07:44:16,2,8,0.0
2026-08-19,HepatitisB,3.11,07:44:46,2,8,0.0
2026-08-19,HepatitisB,7.56,07:45:16,2,8,0.0
2026-08-19,HepatitisB,13.62,07:45:46,2,8,11.8
2026-08-19,HepatitisB,6.44,07:46:16,2,8,0.0
2026-08-19,HepatitisB,7.85,07:46:46,2,8,0.0
2026-08-19,HepatitisB,2.24,07:47:16,2,8,0.0
2026-08-19,HepatitisB,7.56,07:47:46,2,8,0.0
2026-08-19,HepatitisB,7.89,07:48:16,2,8,0.0
2026-08-19,HepatitisB,6.24,07:48:46,2,8,0.0
2026-08-19,HepatitisB,7.78,07:49:16,2,8,0.0
2026-08-19,HepatitisB,5.37,07:49:46,2,8,0.0
2026-08-19,HepatitisB,14.38,07:50:16,2,8,11.9
2026-08-19,HepatitisB,6.37,07:50:46,2,8,0.0
2026-08-19,HepatitisB,4.33,07:51:16,2,8,0.0
2026-08-19,HepatitisB,4.3,07:51:46,2,8,0.0
2026-08-19,HepatitisB,17.17,07:52:16,2,8,11.94
2026-08-19,HepatitisB,6.22,07:52:46,2,8,0.0
2026-08-19,HepatitisB,10.83,07:53:16,2,8,11.96
2026-08-19,HepatitisB,9.89,07:53:46,2,8,11.97
2026-08-19,HepatitisB,7.79,07:54:16,2,8,0.0
2026-08-19,HepatitisB,5.29,07:54:46,2,8,0.0
2026-08-19,HepatitisB,2.34,07:55:16,2,8,0.0
2026-08-19,HepatitisB,13.87,07:55:46,2,8,12.01
2026-08-19,HepatitisB,7.75,07:56:16,2,8,0.0
2026-08-19,HepatitisB,10.49,07:56:46,2,8,12.04
2026-08-19,HepatitisB,5.22,07:57:16,2,8,0.0
2026-08-19,HepatitisB,11.59,07:57:46,2,8,12.06
2026-08-19,HepatitisB,14.89,07:58:16,2,8,12.07
2026-08-19,HepatitisB,6.88,07:58:46,2,8,0.0
2026-08-19,HepatitisB,2.97,07:59:16,2,8,0.0
2026-08-19,HepatitisB,6.86,07:59:46,2,8,0.0
2026-08-19,HepatitisB,3.65,08:00:16,2,8,0.0
2026-08-19,HepatitisB,3.73,08:00:46,2,8,0.0
2026-08-19,HepatitisB,16.65,08:01:16,2,8,12.13
2026-08-19,HepatitisB,4.36,08:01:46,2,8,0.0
2026-08-19,HepatitisB,5.41,08:02:16,2,8,0.0
2026-08-19,HepatitisB,9.28,08:02:46,2,8,12.17
2026-08-19,HepatitisB,11.15,08:03:16,2,8,12.18
2026-08-19,HepatitisB,13.56,08:03:46,2,8,12.19
2026-08-19,HepatitisB,3.16,08:04:16,2,8,0.0
2026-08-19,HepatitisB,3.75,08:04:46,2,8,0.0
2026-08-19,HepatitisB,3.64,08:05:16,2,8,0.0
2026-08-19,HepatitisB,2.02,08:05:46,2,8,0.0
2026-08-19,HepatitisB,4.46,08:06:16,2,8,0.0
2026-08-19,HepatitisB,5.16,08:06:46,2,8,0.0
2026-08-19,HepatitisB,6.53,08:07:16,2,8,0.0
2026-08-19,HepatitisB,7.6,08:07:46,2,8,0.0
2026-08-19,HepatitisB,9.34,08:08:16,2,8,12.29
2026-08-19,HepatitisB,9.75,08:08:46,2,8,12.3
2026-08-19,HepatitisB,3.41,08:09:16,2,8,0.0
2026-08-19,HepatitisB,2.85,08:09:46,2,8,0.0
2026-08-19,HepatitisB,2.54,08:10:16,2,8,0.0
2026-08-19,HepatitisB,17.5,08:10:46,2,8,12.34
2026-08-19,HepatitisB,6.1,08:11:16,2,8,0.0
2026-08-19,HepatitisB,4.67,08:11:46,2,8,0.0
2026-08-19,HepatitisB,6.2,08:12:16,2,8,0.0
2026-08-19,HepatitisB,16.41,08:12:46,2,8,12.38
2026-08-19,HepatitisB,9.92,08:13:16,2,8,12.39
2026-08-19,HepatitisB,2.52,08:13:46,2,8,0.0
2026-08-19,HepatitisB,7.89,08:14:16,2,8,0.0
2026-08-19,HepatitisB,3.49,08:14:46,2,8,0.0
2026-08-19,HepatitisB,6.35,08:15:16,2,8,0.0
2026-08-19,HepatitisB,6.08,08:15:46,2,8,0.0
2026-08-19,HepatitisB,4.05,08:16:16,2,8,0.0
2026-08-19,HepatitisB,14.32,08:16:46,2,8,12.47
2026-08-19,HepatitisB,2.72,08:17:16,2,8,0.0
2026-08-19,HepatitisB,11.9,08:17:46,2,8,12.49
2026-08-19,HepatitisB,2.47,08:18:16,2,8,0.0
2026-08-19,HepatitisB,2.6,08:18:46,2,8,0.0
2026-08-19,HepatitisB,7.17,08:19:16,2,8,0.0
2026-08-19,HepatitisB,15.75,08:19:46,2,8,12.53
2026-08-19,HepatitisB,4.7,08:20:16,2,8,0.0
2026-08-19,HepatitisB,3.38,08:20:46,2,8,0.0
2026-08-19,HepatitisB,11.06,08:21:16,2,8,12.57
2026-08-19,HepatitisB,4.13,08:21:46,2,8,0.0
2026-08-19,HepatitisB,7.87,08:22:16,2,8,0.0
2026-08-19,HepatitisB,3.27,08:22:46,2,8,0.0
2026-08-19,HepatitisB,16.61,08:23:16,2,8,12.61
2026-08-19,HepatitisB,2.45,08:23:46,2,8,0.0
2026-08-19,HepatitisB,2.11,08:24:16,2,8,0.0
2026-08-19,HepatitisB,3.58,08:24:46,2,8,0.0
2026-08-19,HepatitisB,6.5,08:25:16,2,8,0.0
2026-08-19,HepatitisB,13.28,08:25:46,2,8,12.66
2026-08-19,HepatitisB,6.15,08:26:16,2,8,0.0
2026-08-19,HepatitisB,5.56,08:26:46,2,8,0.0
2026-08-19,HepatitisB,3.85,08:27:16,2,8,0.0
2026-08-19,HepatitisB,3.16,08:27:46,2,8,0.0
2026-08-19,HepatitisB,12.27,08:28:16,2,8,12.72
2026-08-19,HepatitisB,7.15,08:28:46,2,8,0.0
2026-08-19,HepatitisB,12.88,08:29:16,2,8,12.74
2026-08-19,HepatitisB,5.48,08:29:46,2,8,0.0
2026-08-19,HepatitisB,9.7,08:30:16,2,8,12.76
2026-08-19,HepatitisB,2.28,08:30:46,2,8,0.0
2026-08-19,HepatitisB,6.42,08:31:16,2,8,0.0
2026-08-19,HepatitisB,12.27,08:31:46,2,8,12.79
2026-08-19,HepatitisB,5.28,08:32:16,2,8,0.0
2026-08-19,HepatitisB,7.16,08:32:46,2,8,0.0
2026-08-19,HepatitisB,4.37,08:33:16,2,8,0.0
2026-08-19,HepatitisB,15.44,08:33:46,2,8,12.84
2026-08-19,HepatitisB,2.66,08:34:16,2,8,0.0
2026-08-19,HepatitisB,7.39,08:34:46,2,8,0.0
2026-08-19,HepatitisB,6.35,08:35:16,2,8,0.0
2026-08-19,HepatitisB,12.15,08:35:46,2,8,12.88
2026-08-19,HepatitisB,6.4,08:36:16,2,8,0.0
2026-08-19,HepatitisB,12.51,08:36:46,2,8,12.9
2026-08-19,HepatitisB,17.87,08:37:16,2,8,12.91
2026-08-19,HepatitisB,3.3,08:37:46,2,8,0.0
2026-08-19,HepatitisB,3.65,08:38:16,2,8,0.0
2026-08-19,HepatitisB,14.33,08:38:46,2,8,12.95
2026-08-19,HepatitisB,13.94,08:39:16,2,8,12.96
2026-08-19,HepatitisB,2.01,08:39:46,2,8,0.0
2026-08-19,HepatitisB,4.67,08:40:16,2,8,0.0
2026-08-19,HepatitisB,7.67,08:40:46,2,8,0.0
2026-08-19,HepatitisB,2.02,08:41:16,2,8,0.0
2026-08-19,HepatitisB,2.17,08:41:46,2,8,0.0
2026-08-19,HepatitisB,11.34,08:42:16,2,8,13.02
2026-08-19,HepatitisB,5.24,08:42:46,2,8,0.0
2026-08-19,HepatitisB,2.41,08:43:16,2,8,0.0
2026-08-19,HepatitisB,12.1,08:43:46,2,8,13.05
2026-08-19,HepatitisB,7.26,08:44:16,2,8,0.0
2026-08-19,HepatitisB,6.82,08:44:46,2,8,0.0
2026-08-19,HepatitisB,9.04,08:45:16,2,8,13.09
2026-08-19,HepatitisB,5.35,08:45:46,2,8,0.0
2026-08-19,HepatitisB,4.15,08:46:16,2,8,0.0
2026-08-19,HepatitisB,2.23,08:46:46,2,8,0.0
2026-08-19,HepatitisB,11.39,08:47:16,2,8,13.13
2026-08-19,HepatitisB,2.49,08:47:46,2,8,0.0
2026-08-19,HepatitisB,7.28,08:48:16,2,8,0.0
2026-08-19,HepatitisB,4.21,08:48:46,2,8,0.0
2026-08-19,HepatitisB,5.73,08:49:16,2,8,0.0
2026-08-19,HepatitisB,2.49,08:49:46,2,8,0.0
2026-08-19,HepatitisB,11.79,08:50:16,2,8,13.2
2026-08-19,HepatitisB,6.61,08:50:46,2,8,0.0
2026-08-19,HepatitisB,5.8,08:51:16,2,8,0.0
2026-08-19,HepatitisB,5.83,08:51:46,2,8,0.0
2026-08-19,HepatitisB,4.07,08:52:16,2,8,0.0
2026-08-19,HepatitisB,16.75,08:52:46,2,8,13.25
2026-08-19,HepatitisB,11.28,08:53:16,2,8,13.26
2026-08-19,HepatitisB,7.74,08:53:46,2,8,0.0
2026-08-19,HepatitisB,6.11,08:54:16,2,8,0.0
2026-08-19,HepatitisB,17.51,08:54:46,2,8,13.29
2026-08-19,HepatitisB,6.89,08:55:16,2,8,0.0
2026-08-19,HepatitisB,3.93,08:55:46,2,8,0.0
2026-08-19,HepatitisB,17.17,08:56:16,2,8,13.33
2026-08-19,HepatitisB,16.76,08:56:46,2,8,13.34
2026-08-19,HepatitisB,5.56,08:57:16,2,8,0.0
2026-08-19,HepatitisB,5.91,08:57:46,2,8,0.0
2026-08-19,HepatitisB,9.56,08:58:16,2,8,13.37
2026-08-19,HepatitisB,13.87,08:58:46,2,8,13.38
2026-08-19,HepatitisB,9.88,08:59:16,2,8,13.39
2026-08-19,HepatitisB,6.22,08:59:46,2,8,0.0
2026-08-19,HepatitisB,7.97,09:00:16,2,8,0.0
2026-08-19,HepatitisB,4.3,09:00:46,2,8,0.0
2026-08-19,HepatitisB,2.26,09:01:16,2,8,0.0
2026-08-19,HepatitisB,5.04,09:01:46,2,8,0.0
2026-08-19,HepatitisB,6.84,09:02:16,2,8,0.0
2026-08-19,HepatitisB,2.31,09:02:46,2,8,0.0
2026-08-19,HepatitisB,2.4,09:03:16,2,8,0.0
2026-08-19,HepatitisB,4.89,09:03:46,2,8,0.0
2026-08-19,HepatitisB,13.74,09:04:16,2,8,13.5
2026-08-19,HepatitisB,4.91,09:04:46,2,8,0.0
2026-08-19,HepatitisB,7.06,09:05:16,2,8,0.0
2026-08-19,HepatitisB,5.73,09:05:46,2,8,0.0
2026-08-19,HepatitisB,6.63,09:06:16,2,8,0.0
2026-08-19,HepatitisB,16.43,09:06:46,2,8,13.55
2026-08-19,HepatitisB,5.64,09:07:16,2,8,0.0
2026-08-19,HepatitisB,9.1,09:07:46,2,8,13.57
2026-08-19,HepatitisB,4.42,09:08:16,2,8,0.0
2026-08-19,HepatitisB,7.68,09:08:46,2,8,0.0
2026-08-19,HepatitisB,15.86,09:09:16,2,8,13.61
2026-08-19,HepatitisB,7.67,09:09:46,2,8,0.0
2026-08-19,HepatitisB,15.95,09:10:16,2,8,13.63
2026-08-19,HepatitisB,10.76,09:10:46,2,8,13.64
2026-08-19,HepatitisB,10.51,09:11:16,2,8,13.65
2026-08-19,HepatitisB,13.94,09:11:46,2,8,13.66
2026-08-19,HepatitisB,5.75,09:12:16,2,8,0.0
2026-08-19,HepatitisB,6.73,09:12:46,2,8,0.0
2026-08-19,HepatitisB,15.7,09:13:16,2,8,13.69
2026-08-19,HepatitisB,3.97,09:13:46,2,8,0.0
2026-08-19,HepatitisB,4.66,09:14:16,2,8,0.0
2026-08-19,HepatitisB,9.67,09:14:46,2,8,13.73
2026-08-19,HepatitisB,7.82,09:15:16,2,8,0.0
2026-08-19,HepatitisB,3.46,09:15:46,2,8,0.0
2026-08-19,HepatitisB,6.93,09:16:16,2,8,0.0
2026-08-19,HepatitisB,6.89,09:16:46,2,8,0.0
2026-08-19,HepatitisB,6.56,09:17:16,2,8,0.0
2026-08-19,HepatitisB,14.12,09:17:46,2,8,13.79
2026-08-19,HepatitisB,6.92,09:18:16,2,8,0.0
2026-08-19,HepatitisB,16.23,09:18:46,2,8,13.81
2026-08-19,HepatitisB,2.55,09:19:16,2,8,0.0
2026-08-19,HepatitisB,4.64,09:19:46,2,8,0.0
2026-08-19,HepatitisB,4.42,09:20:16,2,8,0.0
2026-08-19,HepatitisB,5.6,09:20:46,2,8,0.0
2026-08-19,HepatitisB,6.74,09:21:16,2,8,0.0
2026-08-19,HepatitisB,15.05,09:21:46,2,8,13.88
2026-08-19,HepatitisB,2.52,09:22:16,2,8,0.0
2026-08-19,HepatitisB,3.78,09:22:46,2,8,0.0
2026-08-19,HepatitisB,5.44,09:23:16,2,8,0.0
2026-08-19,HepatitisB,3.52,09:23:46,2,8,0.0
2026-08-19,HepatitisB,4.49,09:24:16,2,8,0.0
2026-08-19,HepatitisB,12.56,09:24:46,2,8,13.94
2026-08-19,HepatitisB,11.96,09:25:16,2,8,13.95
2026-08-19,HepatitisB,5.08,09:25:46,2,8,0.0
2026-08-19,HepatitisB,4.65,09:26:16,2,8,0.0
2026-08-19,HepatitisB,7.5,09:26:46,2,8,0.0
2026-08-19,HepatitisB,4.39,09:27:16,2,8,0.0
2026-08-19,HepatitisB,2.59,09:27:46,2,8,0.0
2026-08-19,HepatitisB,9.15,09:28:16,2,8,14.02
2026-08-19,HepatitisB,6.88,09:28:46,2,8,0.0
2026-08-19,HepatitisB,14.43,09:29:16,2,8,14.04
2026-08-19,HepatitisB,5.05,09:29:46,2,8,0.0
2026-08-19,HepatitisB,11.98,09:30:16,2,8,14.06
2026-08-19,HepatitisB,2.18,09:30:46,2,8,0.0
2026-08-19,HepatitisB,5.18,09:31:16,2,8,0.0
2026-08-19,HepatitisB,6.93,09:31:46,2,8,0.0
2026-08-19,HepatitisB,2.07,09:32:16,2,8,0.0
2026-08-19,HepatitisB,17.53,09:32:46,2,8,14.12
2026-08-19,HepatitisB,2.23,09:33:16,2,8,0.0
2026-08-19,HepatitisB,17.92,09:33:46,2,8,14.14
2026-08-19,HepatitisB,7.46,09:34:16,2,8,0.0
2026-08-19,HepatitisB,2.96,09:34:46,2,8,0.0
2026-08-19,HepatitisB,9.82,09:35:16,2,8,14.17
2026-08-19,HepatitisB,4.49,09:35:46,2,8,0.0
2026-08-19,HepatitisB,2.29,09:36:16,2,8,0.0
2026-08-19,HepatitisB,2.24,09:36:46,2,8,0.0
2026-08-19,HepatitisB,2.28,09:37:16,2,8,0.0
2026-08-19,HepatitisB,15.13,09:37:46,2,8,14.22
2026-08-19,HepatitisB,15.7,09:38:16,2,8,14.23
2026-08-19,HepatitisB,2.47,09:38:46,2,8,0.0
2026-08-19,HepatitisB,5.03,09:39:16,2,8,0.0
2026-08-19,HepatitisB,5.74,09:39:46,2,8,0.0
2026-08-19,HepatitisB,2.25,09:40:16,2,8,0.0
2026-08-19,HepatitisB,16.02,09:40:46,2,8,14.29
2026-08-19,HepatitisB,3.93,09:41:16,2,8,0.0
2026-08-19,HepatitisB,3.58,09:41:46,2,8,0.0
2026-08-19,HepatitisB,6.38,09:42:16,2,8,0.0
2026-08-19,HepatitisB,5.28,09:42:46,2,8,0.0
2026-08-19,HepatitisB,14.63,09:43:16,2,8,14.34
2026-08-19,HepatitisB,7.13,09:43:46,2,8,0.0
2026-08-19,HepatitisB,6.89,09:44:16,2,8,0.0
2026-08-19,HepatitisB,5.58,09:44:46,2,8,0.0
2026-08-19,HepatitisB,12.63,09:45:16,2,8,14.39
2026-08-19,HepatitisB,13.46,09:45:46,2,8,14.4
2026-08-19,HepatitisB,3.95,09:46:16,2,8,0.0
2026-08-19,HepatitisB,6.13,09:46:46,2,8,0.0
2026-08-19,HepatitisB,14.17,09:47:16,2,8,14.43
2026-08-19,HepatitisB,4.87,09:47:46,2,8,0.0
2026-08-19,HepatitisB,2.88,09:48:16,2,8,0.0
2026-08-19,HepatitisB,6.9,09:48:46,2,8,0.0
2026-08-19,HepatitisB,5.12,09:49:16,2,8,0.0
2026-08-19,HepatitisB,9.36,09:49:46,2,8,14.48
2026-08-19,HepatitisB,3.71,09:50:16,2,8,0.0
2026-08-19,HepatitisB,6.29,09:50:46,2,8,0.0
2026-08-19,HepatitisB,7.67,09:51:16,2,8,0.0
2026-08-19,HepatitisB,7.35,09:51:46,2,8,0.0
2026-08-19,HepatitisB,2.56,09:52:16,2,8,0.0
2026-08-19,HepatitisB,7.58,09:52:46,2,8,0.0
2026-08-19,HepatitisB,5.91,09:53:16,2,8,0.0
2026-08-19,HepatitisB,7.83,09:53:46,2,8,0.0
2026-08-19,HepatitisB,6.58,09:54:16,2,8,0.0
2026-08-19,HepatitisB,13.98,09:54:46,2,8,14.59
2026-08-19,HepatitisB,11.71,09:55:16,2,8,14.6
2026-08-19,HepatitisB,4.75,09:55:46,2,8,0.0
2026-08-19,HepatitisB,9.8,09:56:16,2,8,14.62
2026-08-19,HepatitisB,6.75,09:56:46,2,8,0.0
2026-08-19,HepatitisB,13.27,09:57:16,2,8,14.65
2026-08-19,HepatitisB,13.47,09:57:46,2,8,14.66
2026-08-19,HepatitisB,6.51,09:58:16,2,8,0.0
2026-08-19,HepatitisB,7.25,09:58:46,2,8,0.0
2026-08-19,HepatitisB,13.99,09:59:16,2,8,14.69
2026-08-19,HepatitisB,6.29,09:59:46,2,8,0.0
2026-08-19,HepatitisB,2.12,10:00:16,2,8,0.0
2026-08-19,HepatitisB,7.1,10:00:46,2,8,0.0
2026-08-19,HepatitisB,3.39,10:01:16,2,8,0.0
2026-08-19,HepatitisB,6.9,10:01:46,2,8,0.0
2026-08-19,HepatitisB,13.02,10:02:16,2,8,14.76
2026-08-19,HepatitisB,4.82,10:02:46,2,8,0.0
2026-08-19,HepatitisB,4.12,10:03:16,2,8,0.0
2026-08-19,HepatitisB,5.45,10:03:46,2,8,0.0
2026-08-19,HepatitisB,3.19,10:04:16,2,8,0.0
2026-08-19,HepatitisB,3.43,10:04:46,2,8,0.0
2026-08-19,HepatitisB,16.93,10:05:16,2,8,14.82
2026-08-19,HepatitisB,6.03,10:05:46,2,8,0.0
2026-08-19,HepatitisB,3.51,10:06:16,2,8,0.0
2026-08-19,HepatitisB,17.14,10:06:46,2,8,14.85
2026-08-19,HepatitisB,2.14,10:07:16,2,8,0.0
2026-08-19,HepatitisB,5.43,10:07:46,2,8,0.0
2026-08-19,HepatitisB,3.04,10:08:16,2,8,0.0
2026-08-19,HepatitisB,14.38,10:08:46,2,8,14.9
2026-08-19,HepatitisB,6.61,10:09:16,2,8,0.0
2026-08-19,HepatitisB,2.47,10:09:46,2,8,0.0
2026-08-19,HepatitisB,7.52,10:10:16,2,8,0.0
2026-08-19,HepatitisB,15.26,10:10:46,2,8,14.94
2026-08-19,HepatitisB,17.54,10:11:16,2,8,14.95
2026-08-19,HepatitisB,7.44,10:11:46,2,8,0.0
2026-08-19,HepatitisB,2.35,10:12:16,2,8,0.0
2026-08-19,HepatitisB,5.18,10:12:46,2,8,0.0
2026-08-19,HepatitisB,6.56,10:13:16,2,8,0.0
2026-08-19,HepatitisB,7.59,10:13:46,2,8,0.0
2026-08-19,HepatitisB,16.17,10:14:16,2,8,15.02
2026-08-19,HepatitisB,3.22,10:14:46,2,8,0.0
2026-08-19,HepatitisB,5.06,10:15:16,2,8,0.0
2026-08-19,HepatitisB,4.76,10:15:46,2,8,0.0
2026-08-19,HepatitisB,5.89,10:16:16,2,8,0.0
2026-08-19,HepatitisB,7.88,10:16:46,2,8,0.0
2026-08-19,HepatitisB,4.66,10:17:16,2,8,0.0
2026-08-19,HepatitisB,4.57,10:17:46,2,8,0.0
2026-08-19,HepatitisB,17.05,10:18:16,2,8,15.1
2026-08-19,HepatitisB,11.36,10:18:46,2,8,15.11
2026-08-19,HepatitisB,6.63,10:19:16,2,8,0.0
2026-08-19,HepatitisB,11.47,10:19:46,2,8,15.13
2026-08-19,HepatitisB,2.46,10:20:16,2,8,0.0
2026-08-19,HepatitisB,7.8,10:20:46,2,8,0.0
2026-08-19,HepatitisB,17.6,10:21:16,2,8,15.17
2026-08-19,HepatitisB,7.43,10:21:46,2,8,0.0
2026-08-19,HepatitisB,4.73,10:22:16,2,8,0.0
2026-08-19,HepatitisB,6.08,10:22:46,2,8,0.0
2026-08-19,HepatitisB,14.72,10:23:16,2,8,15.21
2026-08-19,HepatitisB,2.58,10:23:46,2,8,0.0
2026-08-19,HepatitisB,2.59,10:24:16,2,8,0.0
2026-08-19,HepatitisB,14.69,10:24:46,2,8,15.24
2026-08-19,HepatitisB,4.01,10:25:16,2,8,0.0
2026-08-19,HepatitisB,6.63,10:25:46,2,8,0.0
2026-08-19,HepatitisB,15.48,10:26:16,2,8,15.28
2026-08-19,HepatitisB,12.78,10:26:46,2,8,15.29
2026-08-19,HepatitisB,4.62,10:27:16,2,8,0.0
2026-08-19,HepatitisB,9.55,10:27:46,2,8,15.31
2026-08-19,HepatitisB,7.83,10:28:16,2,8,0.0
2026-08-19,HepatitisB,4.96,10:28:46,2,8,0.0
2026-08-19,HepatitisB,4.74,10:29:16,2,8,0.0
2026-08-19,HepatitisB,7.49,10:29:46,2,8,0.0
2026-08-19,HepatitisB,7.38,10:30:16,2,8,0.0
2026-08-19,HepatitisB,15.62,10:30:46,2,8,15.37
2026-08-19,HepatitisB,10.73,10:31:16,2,8,15.38
2026-08-19,HepatitisB,4.17,10:31:46,2,8,0.0
2026-08-19,HepatitisB,15.85,10:32:16,2,8,15.4
2026-08-19,HepatitisB,6.49,10:32:46,2,8,0.0
2026-08-19,HepatitisB,14.64,10:33:16,2,8,15.43
2026-08-19,HepatitisB,6.04,10:33:46,2,8,0.0
2026-08-19,HepatitisB,16.04,10:34:16,2,8,15.45
2026-08-19,HepatitisB,5.43,10:34:46,2,8,0.0
2026-08-19,HepatitisB,4.18,10:35:16,2,8,0.0
2026-08-19,HepatitisB,7.81,10:35:46,2,8,0.0
2026-08-19,HepatitisB,15.49,10:36:16,2,8,15.49
2026-08-19,HepatitisB,5.37,10:36:46,2,8,0.0
2026-08-19,HepatitisB,4.65,10:37:16,2,8,0.0
2026-08-19,HepatitisB,5.94,10:37:46,2,8,0.0
2026-08-19,HepatitisB,7.86,10:38:16,2,8,0.0
2026-08-19,HepatitisB,7.36,10:38:46,2,8,0.0
2026-08-19,HepatitisB,3.56,10:39:16,2,8,0.0
2026-08-19,HepatitisB,5.21,10:39:46,2,8,0.0
2026-08-19,HepatitisB,4.91,10:40:16,2,8,0.0
2026-08-19,HepatitisB,6.05,10:40:46,2,8,0.0
2026-08-19,HepatitisB,7.47,10:41:16,2,8,0.0
2026-08-19,HepatitisB,5.37,10:41:46,2,8,0.0
2026-08-19,HepatitisB,6.2,10:42:16,2,8,0.0
2026-08-19,HepatitisB,5.73,10:42:46,2,8,0.0
2026-08-19,HepatitisB,7.39,10:43:16,2,8,0.0
2026-08-19,HepatitisB,2.19,10:43:46,2,8,0.0
2026-08-19,HepatitisB,6.03,10:44:16,2,8,0.0
2026-08-19,HepatitisB,13.53,10:44:46,2,8,15.68
2026-08-19,HepatitisB,4.23,10:45:16,2,8,0.0
2026-08-19,HepatitisB,7.71,10:45:46,2,8,0.0
2026-08-19,HepatitisB,14.82,10:46:16,2,8,15.71
2026-08-19,HepatitisB,16.66,10:46:46,2,8,15.72
2026-08-19,HepatitisB,3.93,10:47:16,2,8,0.0
2026-08-19,HepatitisB,2.02,10:47:46,2,8,0.0
2026-08-19,HepatitisB,13.12,10:48:16,2,8,15.75
2026-08-19,HepatitisB,6.64,10:48:46,2,8,0.0
2026-08-19,HepatitisB,11.46,10:49:16,2,8,15.77
2026-08-19,HepatitisB,12.24,10:49:46,2,8,15.78
2026-08-19,HepatitisB,3.51,10:50:16,2,8,0.0
2026-08-19,HepatitisB,13.59,10:50:46,2,8,15.81
2026-08-19,HepatitisB,10.09,10:51:16,2,8,15.82
2026-08-19,HepatitisB,11.62,10:51:46,2,8,15.83
2026-08-19,HepatitisB,5.58,10:52:16,2,8,0.0
2026-08-19,HepatitisB,2.2,10:52:46,2,8,0.0
2026-08-19,HepatitisB,5.92,10:53:16,2,8,0.0
2026-08-19,HepatitisB,2.35,10:53:46,2,8,0.0
2026-08-19,HepatitisB,6.48,10:54:16,2,8,0.0
2026-08-19,HepatitisB,5.95,10:54:46,2,8,0.0
2026-08-19,HepatitisB,6.65,10:55:16,2,8,0.0
2026-08-19,HepatitisB,5.6,10:55:46,2,8,0.0
2026-08-19,HepatitisB,6.5,10:56:16,2,8,0.0
2026-08-19,HepatitisB,13.77,10:56:46,2,8,15.94
2026-08-19,HepatitisB,4.38,10:57:16,2,8,0.0
2026-08-19,HepatitisB,3.48,10:57:46,2,8,0.0
2026-08-19,HepatitisB,3.18,10:58:16,2,8,0.0
2026-08-19,HepatitisB,9.19,10:58:46,2,8,15.98
2026-08-19,HepatitisB,7.01,10:59:16,2,8,0.0
2026-08-19,HepatitisB,6.93,10:59:46,2,8,0.0
2026-08-19,HepatitisB,17.33,11:00:16,2,8,16.01
2026-08-19,HepatitisB,10.7,11:00:46,2,8,16.02
2026-08-19,HepatitisB,6.66,11:01:16,2,8,0.0
2026-08-19,HepatitisB,2.39,11:01:46,2,8,0.0
2026-08-19,HepatitisB,13.35,11:02:16,2,8,16.05
2026-08-19,HepatitisB,16.61,11:02:46,2,8,16.07
2026-08-19,HepatitisB,4.69,11:03:16,2,8,0.0
2026-08-19,HepatitisB,15.85,11:03:46,2,8,16.09
2026-08-19,HepatitisB,2.42,11:04:16,2,8,0.0
2026-08-19,HepatitisB,3.35,11:04:46,2,8,0.0
2026-08-19,HepatitisB,3.25,11:05:16,2,8,0.0
2026-08-19,HepatitisB,6.13,11:05:46,2,8,0.0
2026-08-19,HepatitisB,6.49,11:06:16,2,8,0.0
2026-08-19,HepatitisB,2.08,11:06:46,2,8,0.0
2026-08-19,HepatitisB,13.08,11:07:16,2,8,16.16
2026-08-19,HepatitisB,6.62,11:07:46,2,8,0.0
2026-08-19,HepatitisB,7.84,11:08:16,2,8,0.0
2026-08-19,HepatitisB,6.5,11:08:46,2,8,0.0
2026-08-19,HepatitisB,5.73,11:09:16,2,8,0.0
2026-08-19,HepatitisB,7.82,11:09:46,2,8,0.0
2026-08-19,HepatitisB,14.75,11:10:16,2,8,16.23
2026-08-19,HepatitisB,6.63,11:10:46,2,8,0.0
2026-08-19,HepatitisB,3.35,11:11:16,2,8,0.0
2026-08-19,HepatitisB,16.88,11:11:46,2,8,16.26
2026-08-19,HepatitisB,14.23,11:12:16,2,8,16.27
2026-08-19,HepatitisB,9.79,11:12:46,2,8,16.28
2026-08-19,HepatitisB,4.11,11:13:16,2,8,0.0
2026-08-19,HepatitisB,2.99,11:13:46,2,8,0.0
2026-08-19,HepatitisB,5.9,11:14:16,2,8,0.0
2026-08-19,HepatitisB,4.58,11:14:46,2,8,0.0
2026-08-19,HepatitisB,7.11,11:15:16,2,8,0.0
2026-08-19,HepatitisB,3.11,11:15:46,2,8,0.0
2026-08-19,HepatitisB,2.07,11:16:16,2,8,0.0
2026-08-19,HepatitisB,17.99,11:16:46,2,8,16.37
2026-08-19,HepatitisB,11.06,11:17:16,2,8,16.38
2026-08-19,HepatitisB,7.5,11:17:46,2,8,0.0
2026-08-19,HepatitisB,5.09,11:18:16,2,8,0.0
2026-08-19,HepatitisB,16.51,11:18:46,2,8,16.41
2026-08-19,HepatitisB,15.26,11:19:16,2,8,16.42
2026-08-19,HepatitisB,5.93,11:19:46,2,8,0.0
2026-08-19,HepatitisB,10.68,11:20:16,2,8,16.45
2026-08-19,HepatitisB,7.88,11:20:46,2,8,0.0
2026-08-19,HepatitisB,6.29,11:21:16,2,8,0.0
2026-08-19,HepatitisB,7.98,11:21:46,2,8,0.0
2026-08-19,HepatitisB,17.44,11:22:16,2,8,16.49
2026-08-19,HepatitisB,3.69,11:22:46,2,8,0.0
2026-08-19,HepatitisB,2.02,11:23:16,2,8,0.0
2026-08-19,HepatitisB,7.92,11:23:46,2,8,0.0
2026-08-19,HepatitisB,5.36,11:24:16,2,8,0.0
2026-08-19,HepatitisB,15.78,11:24:46,2,8,16.54
2026-08-19,HepatitisB,4.12,11:25:16,2,8,0.0
2026-08-19,HepatitisB,14.94,11:25:46,2,8,16.56
2026-08-19,HepatitisB,3.95,11:26:16,2,8,0.0
2026-08-19,HepatitisB,6.6,11:26:46,2,8,0.0
2026-08-19,HepatitisB,7.61,11:27:16,2,8,0.0
2026-08-19,HepatitisB,5.37,11:27:46,2,8,0.0
2026-08-19,HepatitisB,15.47,11:28:16,2,8,16.62
2026-08-19,HepatitisB,15.22,11:28:46,2,8,16.63
2026-08-19,HepatitisB,3.79,11:29:16,2,8,0.0
2026-08-19,HepatitisB,17.27,11:29:46,2,8,16.65
2026-08-19,HepatitisB,15.15,11:30:16,2,8,16.66
2026-08-19,HepatitisB,3.61,11:30:46,2,8,0.0
2026-08-19,HepatitisB,5.61,11:31:16,2,8,0.0
2026-08-19,HepatitisB,7.62,11:31:46,2,8,0.0
2026-08-19,HepatitisB,17.59,11:32:16,2,8,16.71
2026-08-19,HepatitisB,5.78,11:32:46,2,8,0.0
2026-08-19,HepatitisB,7.1,11:33:16,2,8,0.0
2026-08-19,HepatitisB,15.61,11:33:46,2,8,16.74
2026-08-19,HepatitisB,5.81,11:34:16,2,8,0.0
2026-08-19,HepatitisB,9.82,11:34:46,2,8,16.76
2026-08-19,HepatitisB,4.19,11:35:16,2,8,0.0
2026-08-19,HepatitisB,6.4,11:35:46,2,8,0.0
2026-08-19,HepatitisB,10.93,11:36:16,2,8,16.79
2026-08-19,HepatitisB,4.98,11:36:46,2,8,0.0
2026-08-19,HepatitisB,7.59,11:37:16,2,8,0.0
2026-08-19,HepatitisB,17.37,11:37:46,2,8,16.82
2026-08-19,HepatitisB,4.61,11:38:16,2,8,0.0
2026-08-19,HepatitisB,9.99,11:38:46,2,8,16.85
2026-08-19,HepatitisB,10.5,11:39:16,2,8,16.86
2026-08-19,HepatitisB,17.67,11:39:46,2,8,16.87
2026-08-19,HepatitisB,4.0,11:40:16,2,8,0.0
2026-08-19,HepatitisB,10.85,11:40:46,2,8,16.89
2026-08-19,HepatitisB,4.22,11:41:16,2,8,0.0
2026-08-19,HepatitisB,6.55,11:41:46,2,8,0.0
2026-08-19,HepatitisB,4.68,11:42:16,2,8,0.0
2026-08-19,HepatitisB,3.88,11:42:46,2,8,0.0
2026-08-19,HepatitisB,3.22,11:43:16,2,8,0.0
2026-08-19,HepatitisB,2.16,11:43:46,2,8,0.0
2026-08-19,HepatitisB,2.1,11:44:16,2,8,0.0
2026-08-19,HepatitisB,13.75,11:44:46,2,8,16.98
2026-08-19,HepatitisB,11.68,11:45:16,2,8,16.99
2026-08-19,HepatitisB,13.22,11:45:46,2,8,17.0
2026-08-19,HepatitisB,15.91,11:46:16,2,8,17.01
2026-08-19,HepatitisB,7.59,11:46:46,2,8,0.0
2026-08-19,HepatitisB,7.77,11:47:16,2,8,0.0
2026-08-19,HepatitisB,9.04,11:47:46,2,8,17.04
2026-08-19,HepatitisB,2.6,11:48:16,2,8,0.0
2026-08-19,HepatitisB,17.63,11:48:46,2,8,17.06
2026-08-19,HepatitisB,5.68,11:49:16,2,8,0.0
2026-08-19,HepatitisB,15.63,11:49:46,2,8,17.08
2026-08-19,HepatitisB,7.5,11:50:16,2,8,0.0
2026-08-19,HepatitisB,7.15,11:50:46,2,8,0.0
2026-08-19,HepatitisB,6.27,11:51:16,2,8,0.0
2026-08-19,HepatitisB,2.85,11:51:46,2,8,0.0
2026-08-19,HepatitisB,7.05,11:52:16,2,8,0.0
2026-08-19,HepatitisB,10.08,11:52:46,2,8,17.15
2026-08-19,HepatitisB,12.01,11:53:16,2,8,17.16
2026-08-19,HepatitisB,6.45,11:53:46,2,8,0.0
2026-08-19,HepatitisB,11.57,11:54:16,2,8,17.18
2026-08-19,HepatitisB,6.29,11:54:46,2,8,0.0
2026-08-19,HepatitisB,2.96,11:55:16,2,8,0.0
2026-08-19,HepatitisB,3.96,11:55:46,2,8,0.0
2026-08-19,HepatitisB,16.33,11:56:16,2,8,17.23
2026-08-19,HepatitisB,11.91,11:56:46,2,8,17.24
2026-08-19,HepatitisB,2.86,11:57:16,2,8,0.0
2026-08-19,HepatitisB,14.96,11:57:46,2,8,17.26
2026-08-19,HepatitisB,17.28,11:58:16,2,8,17.27
2026-08-19,HepatitisB,6.5,11:58:46,2,8,0.0
2026-08-19,HepatitisB,7.32,11:59:16,2,8,0.0
2026-08-19,HepatitisB,2.75,11:59:46,2,8,0.0
2026-08-19,HepatitisB,7.98,12:00:16,2,8,0.0
2026-08-19,HepatitisB,2.01,12:00:46,2,8,0.0
2026-08-19,HepatitisB,14.29,12:01:16,2,8,17.33
2026-08-19,HepatitisB,15.68,12:01:46,2,8,17.34
2026-08-19,HepatitisB,5.11,12:02:16,2,8,0.0
2026-08-19,HepatitisB,3.09,12:02:46,2,8,0.0
2026-08-19,HepatitisB,5.38,12:03:16,2,8,0.0
2026-08-19,HepatitisB,16.34,12:03:46,2,8,17.39
2026-08-19,HepatitisB,16.79,12:04:16,2,8,17.4
2026-08-19,HepatitisB,14.15,12:04:46,2,8,17.41
2026-08-19,HepatitisB,3.31,12:05:16,2,8,0.0
2026-08-19,HepatitisB,10.03,12:05:46,2,8,17.43
2026-08-19,HepatitisB,6.93,12:06:16,2,8,0.0
2026-08-19,HepatitisB,14.5,12:06:46,2,8,17.45
2026-08-19,HepatitisB,5.76,12:07:16,2,8,0.0
2026-08-19,HepatitisB,7.27,12:07:46,2,8,0.0
2026-08-19,HepatitisB,4.26,12:08:16,2,8,0.0
2026-08-19,HepatitisB,2.67,12:08:46,2,8,0.0
2026-08-19,HepatitisB,2.51,12:09:16,2,8,0.0
2026-08-19,HepatitisB,10.51,12:09:46,2,8,17.52
2026-08-19,HepatitisB,5.26,12:10:16,2,8,0.0
2026-08-19,HepatitisB,12.31,12:10:46,2,8,17.54
2026-08-19,HepatitisB,13.27,12:11:16,2,8,17.55
2026-08-19,HepatitisB,17.0,12:11:46,2,8,17.56
2026-08-19,HepatitisB,4.61,12:12:16,2,8,0.0
2026-08-19,HepatitisB,15.37,12:12:46,2,8,17.58
2026-08-19,HepatitisB,3.27,12:13:16,2,8,0.0
2026-08-19,HepatitisB,11.05,12:13:46,2,8,17.6
2026-08-19,HepatitisB,9.49,12:14:16,2,8,17.62
2026-08-19,HepatitisB,17.66,12:14:46,2,8,17.63
2026-08-19,HepatitisB,12.64,12:15:16,2,8,17.64
2026-08-19,HepatitisB,3.39,12:15:46,2,8,0.0
2026-08-19,HepatitisB,7.47,12:16:16,2,8,0.0
2026-08-19,HepatitisB,2.13,12:16:46,2,8,0.0
2026-08-19,HepatitisB,7.17,12:17:16,2,8,0.0
2026-08-19,HepatitisB,2.29,12:17:46,2,8,0.0
2026-08-19,HepatitisB,4.68,12:18:16,2,8,0.0
2026-08-19,HepatitisB,6.77,12:18:46,2,8,0.0
2026-08-19,HepatitisB,4.06,12:19:16,2,8,0.0
2026-08-19,HepatitisB,7.65,12:19:46,2,8,0.0
2026-08-19,HepatitisB,5.04,12:20:16,2,8,0.0
2026-08-19,HepatitisB,4.72,12:20:46,2,8,0.0
2026-08-19,HepatitisB,13.99,12:21:16,2,8,17.77
2026-08-19,HepatitisB,7.61,12:21:46,2,8,0.0
2026-08-19,HepatitisB,13.45,12:22:16,2,8,17.79
2026-08-19,HepatitisB,14.0,12:22:46,2,8,17.8
2026-08-19,HepatitisB,11.82,12:23:16,2,8,17.81
2026-08-19,HepatitisB,5.44,12:23:46,2,8,0.0
2026-08-19,HepatitisB,14.64,12:24:16,2,8,17.83
2026-08-19,HepatitisB,6.01,12:24:46,2,8,0.0
2026-08-19,HepatitisB,7.63,12:25:16,2,8,0.0
2026-08-19,HepatitisB,6.15,12:25:46,2,8,0.0
2026-08-19,HepatitisB,3.32,12:26:16,2,8,0.0
2026-08-19,HepatitisB,5.19,12:26:46,2,8,0.0
2026-08-19,HepatitisB,11.2,12:27:16,2,8,17.9
2026-08-19,HepatitisB,2.31,12:27:46,2,8,0.0
2026-08-19,HepatitisB,5.09,12:28:16,2,8,0.0
2026-08-19,HepatitisB,12.52,12:28:46,2,8,17.93
2026-08-19,HepatitisB,7.27,12:29:16,2,8,0.0
2026-08-19,HepatitisB,5.39,12:29:46,2,8,0.0
2026-08-19,HepatitisB,6.4,12:30:16,2,8,0.0
2026-08-19,HepatitisB,7.17,12:30:46,2,8,0.0
2026-08-19,HepatitisB,6.94,12:31:16,2,8,0.0
2026-08-19,HepatitisB,6.55,12:31:46,2,8,0.0
2026-08-19,HepatitisB,7.93,12:32:16,2,8,0.0
2026-08-19,HepatitisB,13.34,12:32:46,2,8,18.02
2026-08-19,HepatitisB,3.33,12:33:16,2,8,0.0
2026-08-19,HepatitisB,4.04,12:33:46,2,8,0.0
2026-08-19,HepatitisB,2.57,12:34:16,2,8,0.0
2026-08-19,HepatitisB,2.57,12:34:46,2,8,0.0
2026-08-19,HepatitisB,4.1,12:35:16,2,8,0.0
2026-08-19,HepatitisB,2.48,12:35:46,2,8,0.0
2026-08-19,HepatitisB,3.57,12:36:16,2,8,0.0
2026-08-19,HepatitisB,2.77,12:36:46,2,8,0.0
2026-08-19,HepatitisB,6.18,12:37:16,2,8,0.0
2026-08-19,HepatitisB,7.96,12:37:46,2,8,0.0
2026-08-19,HepatitisB,16.94,12:38:16,2,8,18.13
2026-08-19,HepatitisB,7.99,12:38:46,2,8,0.0
2026-08-19,HepatitisB,2.94,12:39:16,2,8,0.0
2026-08-19,HepatitisB,2.87,12:39:46,2,8,0.0
2026-08-19,HepatitisB,3.17,12:40:16,2,8,0.0
2026-08-19,HepatitisB,7.08,12:40:46,2,8,0.0
2026-08-19,HepatitisB,7.35,12:41:16,2,8,0.0
2026-08-19,HepatitisB,11.54,12:41:46,2,8,18.21
2026-08-19,HepatitisB,6.68,12:42:16,2,8,0.0
2026-08-19,HepatitisB,5.36,12:42:46,2,8,0.0
2026-08-19,HepatitisB,5.42,12:43:16,2,8,0.0
2026-08-19,HepatitisB,6.86,12:43:46,2,8,0.0
2026-08-19,HepatitisB,2.97,12:44:16,2,8,0.0
2026-08-19,HepatitisB,12.11,12:44:46,2,8,18.28
2026-08-19,HepatitisB,7.16,12:45:16,2,8,0.0
2026-08-19,HepatitisB,5.97,12:45:46,2,8,0.0
2026-08-19,HepatitisB,5.14,12:46:16,2,8,0.0
2026-08-19,HepatitisB,13.94,12:46:46,2,8,18.32
2026-08-19,HepatitisB,5.69,12:47:16,2,8,0.0
2026-08-19,HepatitisB,6.92,12:47:46,2,8,0.0
2026-08-19,HepatitisB,7.47,12:48:16,2,8,0.0
2026-08-19,HepatitisB,7.07,12:48:46,2,8,0.0
2026-08-19,HepatitisB,11.5,12:49:16,2,8,18.37
2026-08-19,HepatitisB,7.27,12:49:46,2,8,0.0
2026-08-19,HepatitisB,11.78,12:50:16,2,8,18.39
2026-08-19,HepatitisB,5.05,12:50:46,2,8,0.0
2026-08-19,HepatitisB,14.83,12:51:16,2,8,18.42
2026-08-19,HepatitisB,7.13,12:51:46,2,8,0.0
2026-08-19,HepatitisB,6.26,12:52:16,2,8,0.0
2026-08-19,HepatitisB,7.87,12:52:46,2,8,0.0
2026-08-19,HepatitisB,2.98,12:53:16,2,8,0.0
2026-08-19,HepatitisB,3.65,12:53:46,2,8,0.0
2026-08-19,HepatitisB,5.03,12:54:16,2,8,0.0
2026-08-19,HepatitisB,7.01,12:54:46,2,8,0.0
2026-08-19,HepatitisB,6.55,12:55:16,2,8,0.0
2026-08-19,HepatitisB,6.11,12:55:46,2,8,0.0
2026-08-19,HepatitisB,13.84,12:56:16,2,8,18.53
2026-08-19,HepatitisB,6.7,12:56:46,2,8,0.0
2026-08-19,HepatitisB,17.54,12:57:16,2,8,18.55
2026-08-19,HepatitisB,16.42,12:57:46,2,8,18.56
2026-08-19,HepatitisB,15.06,12:58:16,2,8,18.57
2026-08-19,HepatitisB,16.74,12:58:46,2,8,18.58
2026-08-19,HepatitisB,7.61,12:59:16,2,8,0.0
2026-08-19,HepatitisB,6.39,12:59:46,2,8,0.0
2026-08-19,HepatitisB,4.42,13:00:16,2,8,0.0
2026-08-19,HepatitisB,7.67,13:00:46,2,8,0.0
2026-08-19,HepatitisB,16.19,13:01:16,2,8,18.63
2026-08-19,HepatitisB,13.67,13:01:46,2,8,18.64
2026-08-19,HepatitisB,3.36,13:02:16,2,8,0.0
2026-08-19,HepatitisB,7.11,13:02:46,2,8,0.0
2026-08-19,HepatitisB,6.59,13:03:16,2,8,0.0
2026-08-19,HepatitisB,5.81,13:03:46,2,8,0.0
2026-08-19,HepatitisB,2.14,13:04:16,2,8,0.0
2026-08-19,HepatitisB,16.64,13:04:46,2,8,18.71
2026-08-19,HepatitisB,6.59,13:05:16,2,8,0.0
2026-08-19,HepatitisB,4.23,13:05:46,2,8,0.0
2026-08-19,HepatitisB,13.35,13:06:16,2,8,18.74
2026-08-19,HepatitisB,7.31,13:06:46,2,8,0.0
2026-08-19,HepatitisB,13.29,13:07:16,2,8,18.76
2026-08-19,HepatitisB,6.07,13:07:46,2,8,0.0
2026-08-19,HepatitisB,3.31,13:08:16,2,8,0.0
2026-08-19,HepatitisB,4.33,13:08:46,2,8,0.0
2026-08-19,HepatitisB,4.08,13:09:16,2,8,0.0
2026-08-19,HepatitisB,5.85,13:09:46,2,8,0.0
2026-08-19,HepatitisB,5.44,13:10:16,2,8,0.0
2026-08-19,HepatitisB,6.24,13:10:46,2,8,0.0
2026-08-19,HepatitisB,2.78,13:11:16,2,8,0.0
2026-08-19,HepatitisB,6.49,13:11:46,2,8,0.0
2026-08-19,HepatitisB,6.87,13:12:16,2,8,0.0
2026-08-19,HepatitisB,10.48,13:12:46,2,8,18.88
2026-08-19,HepatitisB,3.32,13:13:16,2,8,0.0
2026-08-19,HepatitisB,9.84,13:13:46,2,8,18.9
2026-08-19,HepatitisB,12.8,13:14:16,2,8,18.92
2026-08-19,HepatitisB,3.26,13:14:46,2,8,0.0
2026-08-19,HepatitisB,13.14,13:15:16,2,8,18.94
2026-08-19,HepatitisB,3.48,13:15:46,2,8,0.0
2026-08-19,HepatitisB,3.49,13:16:16,2,8,0.0
2026-08-19,HepatitisB,6.25,13:16:46,2,8,0.0
2026-08-19,HepatitisB,2.52,13:17:16,2,8,0.0
2026-08-19,HepatitisB,4.68,13:17:46,2,8,0.0
2026-08-19,HepatitisB,6.86,13:18:16,2,8,0.0
2026-08-19,HepatitisB,4.18,13:18:46,2,8,0.0
2026-08-19,HepatitisB,14.56,13:19:16,2,8,19.02
2026-08-19,HepatitisB,5.47,13:19:46,2,8,0.0
2026-08-19,HepatitisB,15.36,13:20:16,2,8,19.05
2026-08-19,HepatitisB,5.95,13:20:46,2,8,0.0
2026-08-19,HepatitisB,5.89,13:21:16,2,8,0.0
2026-08-19,HepatitisB,4.77,13:21:46,2,8,0.0
2026-08-19,HepatitisB,16.62,13:22:16,2,8,19.09
2026-08-19,HepatitisB,3.67,13:22:46,2,8,0.0
2026-08-19,HepatitisB,3.35,13:23:16,2,8,0.0
2026-08-19,HepatitisB,9.05,13:23:46,2,8,19.12
2026-08-19,HepatitisB,6.47,13:24:16,2,8,0.0
2026-08-19,HepatitisB,13.54,13:24:46,2,8,19.14
2026-08-19,HepatitisB,4.87,13:25:16,2,8,0.0
2026-08-19,HepatitisB,4.89,13:25:46,2,8,0.0
2026-08-19,HepatitisB,11.32,13:26:16,2,8,19.18
2026-08-19,HepatitisB,6.12,13:26:46,2,8,0.0
2026-08-19,HepatitisB,17.64,13:27:16,2,8,19.2
2026-08-19,HepatitisB,4.89,13:27:46,2,8,0.0
2026-08-19,HepatitisB,7.0,13:28:16,2,8,0.0
2026-08-19,HepatitisB,2.77,13:28:46,2,8,0.0
2026-08-19,HepatitisB,5.35,13:29:16,2,8,0.0
2026-08-19,HepatitisB,4.82,13:29:46,2,8,0.0
2026-08-19,HepatitisB,7.32,13:30:16,2,8,0.0
2026-08-19,HepatitisB,2.6,13:30:46,2,8,0.0
2026-08-19,HepatitisB,5.7,13:31:16,2,8,0.0
2026-08-19,HepatitisB,2.12,13:31:46,2,8,0.0
2026-08-19,HepatitisB,2.14,13:32:16,2,8,0.0
2026-08-19,HepatitisB,5.99,13:32:46,2,8,0.0
2026-08-19,HepatitisB,9.17,13:33:16,2,8,19.33
2026-08-19,HepatitisB,3.51,13:33:46,2,8,0.0
2026-08-19,HepatitisB,13.08,13:34:16,2,8,19.35
2026-08-19,HepatitisB,15.7,13:34:46,2,8,19.36
2026-08-19,HepatitisB,2.84,13:35:16,2,8,0.0
2026-08-19,HepatitisB,3.07,13:35:46,2,8,0.0
2026-08-19,HepatitisB,7.46,13:36:16,2,8,0.0
2026-08-19,HepatitisB,4.65,13:36:46,2,8,0.0
2026-08-19,HepatitisB,16.71,13:37:16,2,8,19.41
2026-08-19,HepatitisB,5.77,13:37:46,2,8,0.0
2026-08-19,HepatitisB,17.66,13:38:16,2,8,19.43
2026-08-19,HepatitisB,5.11,13:38:46,2,8,0.0
2026-08-19,HepatitisB,6.77,13:39:16,2,8,0.0
2026-08-19,HepatitisB,16.94,13:39:46,2,8,19.47
2026-08-19,HepatitisB,6.85,13:40:16,2,8,0.0
2026-08-19,HepatitisB,3.59,13:40:46,2,8,0.0
2026-08-19,HepatitisB,4.83,13:41:16,2,8,0.0
2026-08-19,HepatitisB,7.57,13:41:46,2,8,0.0
2026-08-19,HepatitisB,6.45,13:42:16,2,8,0.0
2026-08-19,HepatitisB,5.8,13:42:46,2,8,0.0
2026-08-19,HepatitisB,2.34,13:43:16,2,8,0.0
2026-08-19,HepatitisB,3.54,13:43:46,2,8,0.0
2026-08-19,HepatitisB,9.45,13:44:16,2,8,19.57
2026-08-19,HepatitisB,2.01,13:44:46,2,8,0.0
2026-08-19,HepatitisB,2.07,13:45:16,2,8,0.0
2026-08-19,HepatitisB,4.0,13:45:46,2,8,0.0
2026-08-19,HepatitisB,10.71,13:46:16,2,8,19.61
2026-08-19,HepatitisB,3.66,13:46:46,2,8,0.0
2026-08-19,HepatitisB,6.78,13:47:16,2,8,0.0
2026-08-19,HepatitisB,11.11,13:47:46,2,8,19.64
2026-08-19,HepatitisB,13.31,13:48:16,2,8,19.65
2026-08-19,HepatitisB,2.35,13:48:46,2,8,0.0
2026-08-19,HepatitisB,5.92,13:49:16,2,8,0.0
2026-08-19,HepatitisB,2.66,13:49:46,2,8,0.0
2026-08-19,HepatitisB,2.38,13:50:16,2,8,0.0
2026-08-19,HepatitisB,6.72,13:50:46,2,8,0.0
2026-08-19,HepatitisB,3.67,13:51:16,2,8,0.0
2026-08-19,HepatitisB,4.87,13:51:46,2,8,0.0
2026-08-19,HepatitisB,11.66,13:52:16,2,8,19.74
2026-08-19,HepatitisB,4.54,13:52:46,2,8,0.0
2026-08-19,HepatitisB,6.52,13:53:16,2,8,0.0
2026-08-19,HepatitisB,6.2,13:53:46,2,8,0.0
2026-08-19,HepatitisB,2.22,13:54:16,2,8,0.0
2026-08-19,HepatitisB,6.03,13:54:46,2,8,0.0
2026-08-19,HepatitisB,3.42,13:55:16,2,8,0.0
2026-08-19,HepatitisB,5.82,13:55:46,2,8,0.0
2026-08-19,HepatitisB,7.54,13:56:16,2,8,0.0
2026-08-19,HepatitisB,5.62,13:56:46,2,8,0.0
2026-08-19,HepatitisB,6.98,13:57:16,2,8,0.0
2026-08-19,HepatitisB,4.03,13:57:46,2,8,0.0
2026-08-19,HepatitisB,4.78,13:58:16,2,8,0.0
2026-08-19,HepatitisB,6.12,13:58:46,2,8,0.0
2026-08-19,HepatitisB,5.98,13:59:16,2,8,0.0
2026-08-19,HepatitisB,2.07,13:59:46,2,8,0.0
2026-08-19,HepatitisB,7.3,14:00:16,2,8,0.0
2026-08-19,HepatitisB,7.35,14:00:46,2,8,0.0
2026-08-19,HepatitisB,6.48,14:01:16,2,8,0.0
2026-08-19,HepatitisB,14.01,14:01:46,2,8,19.94
2026-08-19,HepatitisB,17.29,14:02:16,2,8,19.96
2026-08-19,HepatitisB,3.11,14:02:46,2,8,0.0
2026-08-19,HepatitisB,3.36,14:03:16,2,8,0.0
2026-08-19,HepatitisB,2.73,14:03:46,2,8,0.0
2026-08-19,HepatitisB,15.14,14:04:16,2,8,20.0
2026-08-19,HepatitisB,3.42,14:04:46,2,8,0.0
2026-08-19,HepatitisB,2.15,14:05:16,2,8,0.0
2026-08-19,HepatitisB,4.92,14:05:46,2,8,0.0
2026-08-19,HepatitisB,2.01,14:06:16,2,8,0.0
2026-08-19,HepatitisB,2.39,14:06:46,2,8,0.0
2026-08-19,HepatitisB,2.15,14:07:16,2,8,0.0
2026-08-19,HepatitisB,7.0,14:07:46,2,8,0.0
2026-08-19,HepatitisB,14.79,14:08:16,2,8,20.09
2026-08-19,HepatitisB,13.99,14:08:46,2,8,20.1
2026-08-19,HepatitisB,3.5,14:09:16,2,8,0.0
2026-08-19,HepatitisB,5.26,14:09:46,2,8,0.0
2026-08-19,HepatitisB,4.94,14:10:16,2,8,0.0
2026-08-19,HepatitisB,3.7,14:10:46,2,8,0.0
2026-08-19,HepatitisB,5.44,14:11:16,2,8,0.0
2026-08-19,HepatitisB,3.96,14:11:46,2,8,0.0
2026-08-19,HepatitisB,16.3,14:12:16,2,8,20.17
2026-08-19,HepatitisB,7.06,14:12:46,2,8,0.0
2026-08-19,HepatitisB,5.92,14:13:16,2,8,0.0
2026-08-19,HepatitisB,5.7,14:13:46,2,8,0.0
2026-08-19,HepatitisB,3.12,14:14:16,2,8,0.0
2026-08-19,HepatitisB,3.08,14:14:46,2,8,0.0
2026-08-19,HepatitisB,3.83,14:15:16,2,8,0.0
2026-08-19,HepatitisB,3.78,14:15:46,2,8,0.0
2026-08-19,HepatitisB,7.5,14:16:16,2,8,0.0
2026-08-19,HepatitisB,5.44,14:16:46,2,8,0.0
2026-08-19,HepatitisB,4.99,14:17:16,2,8,0.0
2026-08-19,HepatitisB,7.11,14:17:46,2,8,0.0
2026-08-19,HepatitisB,2.36,14:18:16,2,8,0.0
2026-08-19,HepatitisB,7.03,14:18:46,2,8,0.0
2026-08-19,HepatitisB,7.69,14:19:16,2,8,0.0
2026-08-19,HepatitisB,12.45,14:19:46,2,8,20.33
2026-08-19,HepatitisB,4.54,14:20:16,2,8,0.0
2026-08-19,HepatitisB,4.28,14:20:46,2,8,0.0
2026-08-19,HepatitisB,7.66,14:21:16,2,8,0.0
2026-08-19,HepatitisB,6.1,14:21:46,2,8,0.0
2026-08-19,HepatitisB,3.37,14:22:16,2,8,0.0
2026-08-19,HepatitisB,13.91,14:22:46,2,8,20.4
2026-08-19,HepatitisB,5.59,14:23:16,2,8,0.0
2026-08-19,HepatitisB,4.99,14:23:46,2,8,0.0
2026-08-19,HepatitisB,2.49,14:24:16,2,8,0.0
2026-08-19,HepatitisB,4.7,14:24:46,2,8,0.0
2026-08-19,HepatitisB,6.32,14:25:16,2,8,0.0
2026-08-19,HepatitisB,5.46,14:25:46,2,8,0.0
2026-08-19,HepatitisB,16.51,14:26:16,2,8,20.48
2026-08-19,HepatitisB,6.55,14:26:46,2,8,0.0
2026-08-19,HepatitisB,7.18,14:27:16,2,8,0.0
2026-08-19,HepatitisB,2.28,14:27:46,2,8,0.0
2026-08-19,HepatitisB,10.83,14:28:16,2,8,20.52
2026-08-19,HepatitisB,2.85,14:28:46,2,8,0.0
2026-08-19,HepatitisB,4.64,14:29:16,2,8,0.0
2026-08-19,HepatitisB,15.31,14:29:46,2,8,20.55
2026-08-19,HepatitisB,4.5,14:30:16,2,8,0.0
2026-08-19,HepatitisB,9.26,14:30:46,2,8,20.57
2026-08-19,HepatitisB,3.09,14:31:16,2,8,0.0
2026-08-19,HepatitisB,4.39,14:31:46,2,8,0.0
2026-08-19,HepatitisB,7.02,14:32:16,2,8,0.0
2026-08-19,HepatitisB,7.59,14:32:46,2,8,0.0
2026-08-19,HepatitisB,2.73,14:33:16,2,8,0.0
2026-08-19,HepatitisB,3.47,14:33:46,2,8,0.0
2026-08-19,HepatitisB,7.36,14:34:16,2,8,0.0
2026-08-19,HepatitisB,6.25,14:34:46,2,8,0.0
2026-08-19,HepatitisB,7.74,14:35:16,2,8,0.0
2026-08-19,HepatitisB,7.54,14:35:46,2,8,0.0
2026-08-19,HepatitisB,7.42,14:36:16,2,8,0.0
2026-08-19,HepatitisB,6.88,14:36:46,2,8,0.0
2026-08-19,HepatitisB,5.67,14:37:16,2,8,0.0
2026-08-19,HepatitisB,6.58,14:37:46,2,8,0.0
2026-08-19,HepatitisB,2.43,14:38:16,2,8,0.0
2026-08-19,HepatitisB,6.87,14:38:46,2,8,0.0
2026-08-19,HepatitisB,11.29,14:39:16,2,8,20.76
2026-08-19,HepatitisB,7.82,14:39:46,2,8,0.0
2026-08-19,HepatitisB,10.46,14:40:16,2,8,20.78
2026-08-19,HepatitisB,2.04,14:40:46,2,8,0.0
2026-08-19,HepatitisB,16.79,14:41:16,2,8,20.8
2026-08-19,HepatitisB,4.62,14:41:46,2,8,0.0
2026-08-19,HepatitisB,3.8,14:42:16,2,8,0.0
2026-08-19,HepatitisB,6.12,14:42:46,2,8,0.0
2026-08-19,HepatitisB,11.23,14:43:16,2,8,20.84
2026-08-19,HepatitisB,15.22,14:43:46,2,8,20.85
2026-08-19,HepatitisB,7.24,14:44:16,2,8,0.0
2026-08-19,HepatitisB,3.49,14:44:46,2,8,0.0
2026-08-19,HepatitisB,4.64,14:45:16,2,8,0.0
2026-08-19,HepatitisB,6.75,14:45:46,2,8,0.0
2026-08-19,HepatitisB,2.86,14:46:16,2,8,0.0
2026-08-19,HepatitisB,4.67,14:46:46,2,8,0.0
2026-08-19,HepatitisB,14.83,14:47:16,2,8,20.93
2026-08-19,HepatitisB,2.06,14:47:46,2,8,0.0
2026-08-19,HepatitisB,6.73,14:48:16,2,8,0.0
2026-08-19,HepatitisB,7.25,14:48:46,2,8,0.0
2026-08-19,HepatitisB,7.51,14:49:16,2,8,0.0
2026-08-19,HepatitisB,4.34,14:49:46,2,8,0.0
2026-08-19,HepatitisB,5.62,14:50:16,2,8,0.0
2026-08-19,HepatitisB,3.14,14:50:46,2,8,0.0
2026-08-19,HepatitisB,5.5,14:51:16,2,8,0.0
2026-08-19,HepatitisB,13.12,14:51:46,2,8,21.03
2026-08-19,HepatitisB,5.27,14:52:16,2,8,0.0
2026-08-19,HepatitisB,10.39,14:52:46,2,8,21.05
2026-08-19,HepatitisB,2.79,14:53:16,2,8,0.0
2026-08-19,HepatitisB,14.84,14:53:46,2,8,21.07
2026-08-19,HepatitisB,3.95,14:54:16,2,8,0.0
2026-08-19,HepatitisB,16.67,14:54:46,2,8,21.09
2026-08-19,HepatitisB,2.4,14:55:16,2,8,0.0
2026-08-19,HepatitisB,2.76,14:55:46,2,8,0.0
2026-08-19,HepatitisB,2.41,14:56:16,2,8,0.0
2026-08-19,HepatitisB,3.16,14:56:46,2,8,0.0
2026-08-19,HepatitisB,3.58,14:57:16,2,8,0.0
2026-08-19,HepatitisB,3.11,14:57:46,2,8,0.0
2026-08-19,HepatitisB,6.93,14:58:16,2,8,0.0
2026-08-19,HepatitisB,10.34,14:58:46,2,8,21.18
2026-08-19,HepatitisB,7.02,14:59:16,2,8,0.0
2026-08-19,HepatitisB,7.58,14:59:46,2,8,0.0
2026-08-19,HepatitisB,4.99,15:00:16,2,8,0.0
2026-08-19,HepatitisB,5.93,15:00:46,2,8,0.0
2026-08-19,HepatitisB,4.65,15:01:16,2,8,0.0
2026-08-19,HepatitisB,7.62,15:01:46,2,8,0.0
2026-08-19,HepatitisB,16.79,15:02:16,2,8,21.26
2026-08-19,HepatitisB,10.95,15:02:46,2,8,21.27
2026-08-19,HepatitisB,2.08,15:03:16,2,8,0.0
2026-08-19,HepatitisB,4.97,15:03:46,2,8,0.0
2026-08-19,HepatitisB,5.16,15:04:16,2,8,0.0
2026-08-19,HepatitisB,5.05,15:04:46,2,8,0.0
2026-08-19,HepatitisB,4.03,15:05:16,2,8,0.0
2026-08-19,HepatitisB,4.55,15:05:46,2,8,0.0
2026-08-19,HepatitisB,9.44,15:06:16,2,8,21.34
2026-08-19,HepatitisB,3.98,15:06:46,2,8,0.0
2026-08-19,HepatitisB,12.36,15:07:16,2,8,21.36
2026-08-19,HepatitisB,4.17,15:07:46,2,8,0.0
2026-08-19,HepatitisB,6.55,15:08:16,2,8,0.0
2026-08-19,HepatitisB,3.86,15:08:46,2,8,0.0
2026-08-19,HepatitisB,7.71,15:09:16,2,8,0.0
2026-08-19,HepatitisB,14.78,15:09:46,2,8,21.42
2026-08-19,HepatitisB,4.3,15:10:16,2,8,0.0
2026-08-19,HepatitisB,3.88,15:10:46,2,8,0.0
2026-08-19,HepatitisB,4.71,15:11:16,2,8,0.0
2026-08-19,HepatitisB,5.62,15:11:46,2,8,0.0
2026-08-19,HepatitisB,5.06,15:12:16,2,8,0.0
2026-08-19,HepatitisB,12.68,15:12:46,2,8,21.48
2026-08-19,HepatitisB,6.88,15:13:16,2,8,0.0
2026-08-19,HepatitisB,6.83,15:13:46,2,8,0.0
2026-08-19,HepatitisB,7.98,15:14:16,2,8,0.0
2026-08-19,HepatitisB,6.47,15:14:46,2,8,0.0
2026-08-19,HepatitisB,3.93,15:15:16,2,8,0.0
2026-08-19,HepatitisB,6.18,15:15:46,2,8,0.0
2026-08-19,HepatitisB,10.32,15:16:16,2,8,21.56
2026-08-19,HepatitisB,5.62,15:16:46,2,8,0.0
2026-08-19,HepatitisB,6.77,15:17:16,2,8,0.0
2026-08-19,HepatitisB,6.53,15:17:46,2,8,0.0
2026-08-19,HepatitisB,3.81,15:18:16,2,8,0.0
2026-08-19,HepatitisB,5.95,15:18:46,2,8,0.0
2026-08-19,HepatitisB,2.13,15:19:16,2,8,0.0
2026-08-19,HepatitisB,3.83,15:19:46,2,8,0.0
2026-08-19,HepatitisB,7.94,15:20:16,2,8,0.0
2026-08-19,HepatitisB,5.68,15:20:46,2,8,0.0
